id INTEGER PRIMARY KEY,county_name VARCHAR(50),state VARCHAR(2),country VARCHAR(3)
0101001,Autauga,AL,US
0101003,Baldwin,AL,US
0101005,Barbour,AL,US
0101007,Bibb,AL,US
0101009,Blount,AL,US
0101011,Bullock,AL,US
0101013,Butler,AL,US
0101015,Calhoun,AL,US
0101017,Chambers,AL,US
0101019,Cherokee,AL,US
0101021,Chilton,AL,US
0101023,Choctaw,AL,US
0101025,Clarke,AL,US
0101027,Clay,AL,US
0101029,Cleburne,AL,US
0101031,Coffee,AL,US
0101033,Colbert,AL,US
0101035,Conecuh,AL,US
0101037,Coosa,AL,US
0101039,Covington,AL,US
0101041,Crenshaw,AL,US
0101043,Cullman,AL,US
0101045,Dale,AL,US
0101047,Dallas,AL,US
0101049,De Kalb,AL,US
0101051,Elmore,AL,US
0101053,Escambia,AL,US
0101055,Etowah,AL,US
0101057,Fayette,AL,US
0101059,Franklin,AL,US
0101061,Geneva,AL,US
0101063,Greene,AL,US
0101065,Hale,AL,US
0101067,Henry,AL,US
0101069,Houston,AL,US
0101071,Jackson,AL,US
0101073,Jefferson,AL,US
0101075,Lamar,AL,US
0101077,Lauderdale,AL,US
0101079,Lawrence,AL,US
0101081,Lee,AL,US
0101083,Limestone,AL,US
0101085,Lowndes,AL,US
0101087,Macon,AL,US
0101089,Madison,AL,US
0101091,Marengo,AL,US
0101093,Marion,AL,US
0101095,Marshall,AL,US
0101097,Mobile,AL,US
0101099,Monroe,AL,US
0101101,Montgomery,AL,US
0101103,Morgan,AL,US
0101105,Perry,AL,US
0101107,Pickens,AL,US
0101109,Pike,AL,US
0101111,Randolph,AL,US
0101113,Russell,AL,US
0101115,St Clair,AL,US
0101117,Shelby,AL,US
0101119,Sumter,AL,US
0101121,Talladega,AL,US
0101123,Tallapoosa,AL,US
0101125,Tuscaloosa,AL,US
0101127,Walker,AL,US
0101129,Washington,AL,US
0101131,Wilcox,AL,US
0101133,Winston,AL,US
0102013,Aleutians East,AK,US
0102016,Aleutians West,AK,US
0102020,Anchorage,AK,US
0102050,Bethel,AK,US
0102060,Bristol Bay,AK,US
0102068,Denali,AK,US
0102070,Dillingham,AK,US
0102090,Fairbanks North Star,AK,US
0102100,Haines,AK,US
0102110,Juneau,AK,US
0102122,Kenai Peninsula,AK,US
0102130,Ketchikan Gateway,AK,US
0102150,Kodiak Island,AK,US
0102164,Lake and Peninsula,AK,US
0102170,Matanuska-Susitna,AK,US
0102180,Nome,AK,US
0102185,North Slope,AK,US
0102188,Northwest Arctic,AK,US
0102201,Prince of Wales-Outer Ketchikan,AK,US
0102220,Sitka,AK,US
0102232,Skagway-Hoonah-Angoon,AK,US
0102240,Southeast Fairbanks,AK,US
0102261,Valdez-Cordova,AK,US
0102270,Wade Hampton,AK,US
0102280,Wrangell-Petersburg,AK,US
0102282,Yakutat,AK,US
0102290,Yukon-Koyukuk,AK,US
0104001,Apache,AZ,US
0104003,Cochise,AZ,US
0104005,Coconino,AZ,US
0104007,Gila,AZ,US
0104009,Graham,AZ,US
0104011,Greenlee,AZ,US
0104012,La Paz,AZ,US
0104013,Maricopa,AZ,US
0104015,Mohave,AZ,US
0104017,Navajo,AZ,US
0104019,Pima,AZ,US
0104021,Pinal,AZ,US
0104023,Santa Cruz,AZ,US
0104025,Yavapai,AZ,US
0104027,Yuma,AZ,US
0105001,Arkansas,AR,US
0105003,Ashley,AR,US
0105005,Baxter,AR,US
0105007,Benton,AR,US
0105009,Boone,AR,US
0105011,Bradley,AR,US
0105013,Calhoun,AR,US
0105015,Carroll,AR,US
0105017,Chicot,AR,US
0105019,Clark,AR,US
0105021,Clay,AR,US
0105023,Cleburne,AR,US
0105025,Cleveland,AR,US
0105027,Columbia,AR,US
0105029,Conway,AR,US
0105031,Craighead,AR,US
0105033,Crawford,AR,US
0105035,Crittenden,AR,US
0105037,Cross,AR,US
0105039,Dallas,AR,US
0105041,Desha,AR,US
0105043,Drew,AR,US
0105045,Faulkner,AR,US
0105047,Franklin,AR,US
0105049,Fulton,AR,US
0105051,Garland,AR,US
0105053,Grant,AR,US
0105055,Greene,AR,US
0105057,Hempstead,AR,US
0105059,Hot Spring,AR,US
0105061,Howard,AR,US
0105063,Independence,AR,US
0105065,Izard,AR,US
0105067,Jackson,AR,US
0105069,Jefferson,AR,US
0105071,Johnson,AR,US
0105073,Lafayette,AR,US
0105075,Lawrence,AR,US
0105077,Lee,AR,US
0105079,Lincoln,AR,US
0105081,Little River,AR,US
0105083,Logan,AR,US
0105085,Lonoke,AR,US
0105087,Madison,AR,US
0105089,Marion,AR,US
0105091,Miller,AR,US
0105093,Mississippi,AR,US
0105095,Monroe,AR,US
0105097,Montgomery,AR,US
0105099,Nevada,AR,US
0105101,Newton,AR,US
0105103,Ouachita,AR,US
0105105,Perry,AR,US
0105107,Phillips,AR,US
0105109,Pike,AR,US
0105111,Poinsett,AR,US
0105113,Polk,AR,US
0105115,Pope,AR,US
0105117,Prairie,AR,US
0105119,Pulaski,AR,US
0105121,Randolph,AR,US
0105123,St Francis,AR,US
0105125,Saline,AR,US
0105127,Scott,AR,US
0105129,Searcy,AR,US
0105131,Sebastian,AR,US
0105133,Sevier,AR,US
0105135,Sharp,AR,US
0105137,Stone,AR,US
0105139,Union,AR,US
0105141,Van Buren,AR,US
0105143,Washington,AR,US
0105145,White,AR,US
0105147,Woodruff,AR,US
0105149,Yell,AR,US
0106001,Alameda,CA,US
0106003,Alpine,CA,US
0106005,Amador,CA,US
0106007,Butte,CA,US
0106009,Calaveras,CA,US
0106011,Colusa,CA,US
0106013,Contra Costa,CA,US
0106015,Del Norte,CA,US
0106017,El Dorado,CA,US
0106019,Fresno,CA,US
0106021,Glenn,CA,US
0106023,Humboldt,CA,US
0106025,Imperial,CA,US
0106027,Inyo,CA,US
0106029,Kern,CA,US
0106031,Kings,CA,US
0106033,Lake,CA,US
0106035,Lassen,CA,US
0106037,Los Angeles,CA,US
0106039,Madera,CA,US
0106041,Marin,CA,US
0106043,Mariposa,CA,US
0106045,Mendocino,CA,US
0106047,Merced,CA,US
0106049,Modoc,CA,US
0106051,Mono,CA,US
0106053,Monterey,CA,US
0106055,Napa,CA,US
0106057,Nevada,CA,US
0106059,Orange,CA,US
0106061,Placer,CA,US
0106063,Plumas,CA,US
0106065,Riverside,CA,US
0106067,Sacramento,CA,US
0106069,San Benito,CA,US
0106071,San Bernardino,CA,US
0106073,San Diego,CA,US
0106075,San Francisco,CA,US
0106077,San Joaquin,CA,US
0106079,San Luis Obispo,CA,US
0106081,San Mateo,CA,US
0106083,Santa Barbara,CA,US
0106085,Santa Clara,CA,US
0106087,Santa Cruz,CA,US
0106089,Shasta,CA,US
0106091,Sierra,CA,US
0106093,Siskiyou,CA,US
0106095,Solano,CA,US
0106097,Sonoma,CA,US
0106099,Stanislaus,CA,US
0106101,Sutter,CA,US
0106103,Tehama,CA,US
0106105,Trinity,CA,US
0106107,Tulare,CA,US
0106109,Tuolumne,CA,US
0106111,Ventura,CA,US
0106113,Yolo,CA,US
0106115,Yuba,CA,US
0108001,Adams,CO,US
0108003,Alamosa,CO,US
0108005,Arapahoe,CO,US
0108007,Archuleta,CO,US
0108009,Baca,CO,US
0108011,Bent,CO,US
0108013,Boulder,CO,US
0108015,Chaffee,CO,US
0108017,Cheyenne,CO,US
0108019,Clear Creek,CO,US
0108021,Conejos,CO,US
0108023,Costilla,CO,US
0108025,Crowley,CO,US
0108027,Custer,CO,US
0108029,Delta,CO,US
0108031,Denver,CO,US
0108033,Dolores,CO,US
0108035,Douglas,CO,US
0108037,Eagle,CO,US
0108039,Elbert,CO,US
0108041,El Paso,CO,US
0108043,Fremont,CO,US
0108045,Garfield,CO,US
0108047,Gilpin,CO,US
0108049,Grand,CO,US
0108051,Gunnison,CO,US
0108053,Hinsdale,CO,US
0108055,Huerfano,CO,US
0108057,Jackson,CO,US
0108059,Jefferson,CO,US
0108061,Kiowa,CO,US
0108063,Kit Carson,CO,US
0108065,Lake,CO,US
0108067,La Plata,CO,US
0108069,Larimer,CO,US
0108071,Las Animas,CO,US
0108073,Lincoln,CO,US
0108075,Logan,CO,US
0108077,Mesa,CO,US
0108079,Mineral,CO,US
0108081,Moffat,CO,US
0108083,Montezuma,CO,US
0108085,Montrose,CO,US
0108087,Morgan,CO,US
0108089,Otero,CO,US
0108091,Ouray,CO,US
0108093,Park,CO,US
0108095,Phillips,CO,US
0108097,Pitkin,CO,US
0108099,Prowers,CO,US
0108101,Pueblo,CO,US
0108103,Rio Blanco,CO,US
0108105,Rio Grande,CO,US
0108107,Routt,CO,US
0108109,Saguache,CO,US
0108111,San Juan,CO,US
0108113,San Miguel,CO,US
0108115,Sedgwick,CO,US
0108117,Summit,CO,US
0108119,Teller,CO,US
0108121,Washington,CO,US
0108123,Weld,CO,US
0108125,Yuma,CO,US
0109001,Fairfield,CT,US
0109003,Hartford,CT,US
0109005,Litchfield,CT,US
0109007,Middlesex,CT,US
0109009,New Haven,CT,US
0109011,New London,CT,US
0109013,Tolland,CT,US
0109015,Windham,CT,US
0110001,Kent,DE,US
0110003,New Castle,DE,US
0110005,Sussex,DE,US
0111001,Washington,DC,US
0112001,Alachua,FL,US
0112003,Baker,FL,US
0112005,Bay,FL,US
0112007,Bradford,FL,US
0112009,Brevard,FL,US
0112011,Broward,FL,US
0112013,Calhoun,FL,US
0112015,Charlotte,FL,US
0112017,Citrus,FL,US
0112019,Clay,FL,US
0112021,Collier,FL,US
0112023,Columbia,FL,US
0112027,De Soto,FL,US
0112029,Dixie,FL,US
0112031,Duval,FL,US
0112033,Escambia,FL,US
0112035,Flagler,FL,US
0112037,Franklin,FL,US
0112039,Gadsden,FL,US
0112041,Gilchrist,FL,US
0112043,Glades,FL,US
0112045,Gulf,FL,US
0112047,Hamilton,FL,US
0112049,Hardee,FL,US
0112051,Hendry,FL,US
0112053,Hernando,FL,US
0112055,Highlands,FL,US
0112057,Hillsborough,FL,US
0112059,Holmes,FL,US
0112061,Indian River,FL,US
0112063,Jackson,FL,US
0112065,Jefferson,FL,US
0112067,Lafayette,FL,US
0112069,Lake,FL,US
0112071,Lee,FL,US
0112073,Leon,FL,US
0112075,Levy,FL,US
0112077,Liberty,FL,US
0112079,Madison,FL,US
0112081,Manatee,FL,US
0112083,Marion,FL,US
0112085,Martin,FL,US
0112086,Miami-Dade,FL,US
0112087,Monroe,FL,US
0112089,Nassau,FL,US
0112091,Okaloosa,FL,US
0112093,Okeechobee,FL,US
0112095,Orange,FL,US
0112097,Osceola,FL,US
0112099,Palm Beach,FL,US
0112101,Pasco,FL,US
0112103,Pinellas,FL,US
0112105,Polk,FL,US
0112107,Putnam,FL,US
0112109,St Johns,FL,US
0112111,St Lucie,FL,US
0112113,Santa Rosa,FL,US
0112115,Sarasota,FL,US
0112117,Seminole,FL,US
0112119,Sumter,FL,US
0112121,Suwannee,FL,US
0112123,Taylor,FL,US
0112125,Union,FL,US
0112127,Volusia,FL,US
0112129,Wakulla,FL,US
0112131,Walton,FL,US
0112133,Washington,FL,US
0113001,Appling,GA,US
0113003,Atkinson,GA,US
0113005,Bacon,GA,US
0113007,Baker,GA,US
0113009,Baldwin,GA,US
0113011,Banks,GA,US
0113013,Barrow,GA,US
0113015,Bartow,GA,US
0113017,Ben Hill,GA,US
0113019,Berrien,GA,US
0113021,Bibb,GA,US
0113023,Bleckley,GA,US
0113025,Brantley,GA,US
0113027,Brooks,GA,US
0113029,Bryan,GA,US
0113031,Bulloch,GA,US
0113033,Burke,GA,US
0113035,Butts,GA,US
0113037,Calhoun,GA,US
0113039,Camden,GA,US
0113043,Candler,GA,US
0113045,Carroll,GA,US
0113047,Catoosa,GA,US
0113049,Charlton,GA,US
0113051,Chatham,GA,US
0113053,Chattahoochee,GA,US
0113055,Chattooga,GA,US
0113057,Cherokee,GA,US
0113059,Clarke,GA,US
0113061,Clay,GA,US
0113063,Clayton,GA,US
0113065,Clinch,GA,US
0113067,Cobb,GA,US
0113069,Coffee,GA,US
0113071,Colquitt,GA,US
0113073,Columbia,GA,US
0113075,Cook,GA,US
0113077,Coweta,GA,US
0113079,Crawford,GA,US
0113081,Crisp,GA,US
0113083,Dade,GA,US
0113085,Dawson,GA,US
0113087,Decatur,GA,US
0113089,De Kalb,GA,US
0113091,Dodge,GA,US
0113093,Dooly,GA,US
0113095,Dougherty,GA,US
0113097,Douglas,GA,US
0113099,Early,GA,US
0113101,Echols,GA,US
0113103,Effingham,GA,US
0113105,Elbert,GA,US
0113107,Emanuel,GA,US
0113109,Evans,GA,US
0113111,Fannin,GA,US
0113113,Fayette,GA,US
0113115,Floyd,GA,US
0113117,Forsyth,GA,US
0113119,Franklin,GA,US
0113121,Fulton,GA,US
0113123,Gilmer,GA,US
0113125,Glascock,GA,US
0113127,Glynn,GA,US
0113129,Gordon,GA,US
0113131,Grady,GA,US
0113133,Greene,GA,US
0113135,Gwinnett,GA,US
0113137,Habersham,GA,US
0113139,Hall,GA,US
0113141,Hancock,GA,US
0113143,Haralson,GA,US
0113145,Harris,GA,US
0113147,Hart,GA,US
0113149,Heard,GA,US
0113151,Henry,GA,US
0113153,Houston,GA,US
0113155,Irwin,GA,US
0113157,Jackson,GA,US
0113159,Jasper,GA,US
0113161,Jeff Davis,GA,US
0113163,Jefferson,GA,US
0113165,Jenkins,GA,US
0113167,Johnson,GA,US
0113169,Jones,GA,US
0113171,Lamar,GA,US
0113173,Lanier,GA,US
0113175,Laurens,GA,US
0113177,Lee,GA,US
0113179,Liberty,GA,US
0113181,Lincoln,GA,US
0113183,Long,GA,US
0113185,Lowndes,GA,US
0113187,Lumpkin,GA,US
0113189,McDuffie,GA,US
0113191,McIntosh,GA,US
0113193,Macon,GA,US
0113195,Madison,GA,US
0113197,Marion,GA,US
0113199,Meriwether,GA,US
0113201,Miller,GA,US
0113205,Mitchell,GA,US
0113207,Monroe,GA,US
0113209,Montgomery,GA,US
0113211,Morgan,GA,US
0113213,Murray,GA,US
0113215,Muscogee,GA,US
0113217,Newton,GA,US
0113219,Oconee,GA,US
0113221,Oglethorpe,GA,US
0113223,Paulding,GA,US
0113225,Peach,GA,US
0113227,Pickens,GA,US
0113229,Pierce,GA,US
0113231,Pike,GA,US
0113233,Polk,GA,US
0113235,Pulaski,GA,US
0113237,Putnam,GA,US
0113239,Quitman,GA,US
0113241,Rabun,GA,US
0113243,Randolph,GA,US
0113245,Richmond,GA,US
0113247,Rockdale,GA,US
0113249,Schley,GA,US
0113251,Screven,GA,US
0113253,Seminole,GA,US
0113255,Spalding,GA,US
0113257,Stephens,GA,US
0113259,Stewart,GA,US
0113261,Sumter,GA,US
0113263,Talbot,GA,US
0113265,Taliaferro,GA,US
0113267,Tattnall,GA,US
0113269,Taylor,GA,US
0113271,Telfair,GA,US
0113273,Terrell,GA,US
0113275,Thomas,GA,US
0113277,Tift,GA,US
0113279,Toombs,GA,US
0113281,Towns,GA,US
0113283,Treutlen,GA,US
0113285,Troup,GA,US
0113287,Turner,GA,US
0113289,Twiggs,GA,US
0113291,Union,GA,US
0113293,Upson,GA,US
0113295,Walker,GA,US
0113297,Walton,GA,US
0113299,Ware,GA,US
0113301,Warren,GA,US
0113303,Washington,GA,US
0113305,Wayne,GA,US
0113307,Webster,GA,US
0113309,Wheeler,GA,US
0113311,White,GA,US
0113313,Whitfield,GA,US
0113315,Wilcox,GA,US
0113317,Wilkes,GA,US
0113319,Wilkinson,GA,US
0113321,Worth,GA,US
0115001,Hawaii,HI,US
0115003,Honolulu,HI,US
0115007,Kauai,HI,US
0115009,Maui,HI,US
0116001,Ada,ID,US
0116003,Adams,ID,US
0116005,Bannock,ID,US
0116007,Bear Lake,ID,US
0116009,Benewah,ID,US
0116011,Bingham,ID,US
0116013,Blaine,ID,US
0116015,Boise,ID,US
0116017,Bonner,ID,US
0116019,Bonneville,ID,US
0116021,Boundary,ID,US
0116023,Butte,ID,US
0116025,Camas,ID,US
0116027,Canyon,ID,US
0116029,Caribou,ID,US
0116031,Cassia,ID,US
0116033,Clark,ID,US
0116035,Clearwater,ID,US
0116037,Custer,ID,US
0116039,Elmore,ID,US
0116041,Franklin,ID,US
0116043,Fremont,ID,US
0116045,Gem,ID,US
0116047,Gooding,ID,US
0116049,Idaho,ID,US
0116051,Jefferson,ID,US
0116053,Jerome,ID,US
0116055,Kootenai,ID,US
0116057,Latah,ID,US
0116059,Lemhi,ID,US
0116061,Lewis,ID,US
0116063,Lincoln,ID,US
0116065,Madison,ID,US
0116067,Minidoka,ID,US
0116069,Nez Perce,ID,US
0116071,Oneida,ID,US
0116073,Owyhee,ID,US
0116075,Payette,ID,US
0116077,Power,ID,US
0116079,Shoshone,ID,US
0116081,Teton,ID,US
0116083,Twin Falls,ID,US
0116085,Valley,ID,US
0116087,Washington,ID,US
0117001,Adams,IL,US
0117003,Alexander,IL,US
0117005,Bond,IL,US
0117007,Boone,IL,US
0117009,Brown,IL,US
0117011,Bureau,IL,US
0117013,Calhoun,IL,US
0117015,Carroll,IL,US
0117017,Cass,IL,US
0117019,Champaign,IL,US
0117021,Christian,IL,US
0117023,Clark,IL,US
0117025,Clay,IL,US
0117027,Clinton,IL,US
0117029,Coles,IL,US
0117031,Cook,IL,US
0117033,Crawford,IL,US
0117035,Cumberland,IL,US
0117037,De Kalb,IL,US
0117039,De Witt,IL,US
0117041,Douglas,IL,US
0117043,Du Page,IL,US
0117045,Edgar,IL,US
0117047,Edwards,IL,US
0117049,Effingham,IL,US
0117051,Fayette,IL,US
0117053,Ford,IL,US
0117055,Franklin,IL,US
0117057,Fulton,IL,US
0117059,Gallatin,IL,US
0117061,Greene,IL,US
0117063,Grundy,IL,US
0117065,Hamilton,IL,US
0117067,Hancock,IL,US
0117069,Hardin,IL,US
0117071,Henderson,IL,US
0117073,Henry,IL,US
0117075,Iroquois,IL,US
0117077,Jackson,IL,US
0117079,Jasper,IL,US
0117081,Jefferson,IL,US
0117083,Jersey,IL,US
0117085,Jo Daviess,IL,US
0117087,Johnson,IL,US
0117089,Kane,IL,US
0117091,Kankakee,IL,US
0117093,Kendall,IL,US
0117095,Knox,IL,US
0117097,Lake,IL,US
0117099,La Salle,IL,US
0117101,Lawrence,IL,US
0117103,Lee,IL,US
0117105,Livingston,IL,US
0117107,Logan,IL,US
0117109,McDonough,IL,US
0117111,McHenry,IL,US
0117113,McLean,IL,US
0117115,Macon,IL,US
0117117,Macoupin,IL,US
0117119,Madison,IL,US
0117121,Marion,IL,US
0117123,Marshall,IL,US
0117125,Mason,IL,US
0117127,Massac,IL,US
0117129,Menard,IL,US
0117131,Mercer,IL,US
0117133,Monroe,IL,US
0117135,Montgomery,IL,US
0117137,Morgan,IL,US
0117139,Moultrie,IL,US
0117141,Ogle,IL,US
0117143,Peoria,IL,US
0117145,Perry,IL,US
0117147,Piatt,IL,US
0117149,Pike,IL,US
0117151,Pope,IL,US
0117153,Pulaski,IL,US
0117155,Putnam,IL,US
0117157,Randolph,IL,US
0117159,Richland,IL,US
0117161,Rock Island,IL,US
0117163,St Clair,IL,US
0117165,Saline,IL,US
0117167,Sangamon,IL,US
0117169,Schuyler,IL,US
0117171,Scott,IL,US
0117173,Shelby,IL,US
0117175,Stark,IL,US
0117177,Stephenson,IL,US
0117179,Tazewell,IL,US
0117181,Union,IL,US
0117183,Vermilion,IL,US
0117185,Wabash,IL,US
0117187,Warren,IL,US
0117189,Washington,IL,US
0117191,Wayne,IL,US
0117193,White,IL,US
0117195,Whiteside,IL,US
0117197,Will,IL,US
0117199,Williamson,IL,US
0117201,Winnebago,IL,US
0117203,Woodford,IL,US
0118001,Adams,IN,US
0118003,Allen,IN,US
0118005,Bartholomew,IN,US
0118007,Benton,IN,US
0118009,Blackford,IN,US
0118011,Boone,IN,US
0118013,Brown,IN,US
0118015,Carroll,IN,US
0118017,Cass,IN,US
0118019,Clark,IN,US
0118021,Clay,IN,US
0118023,Clinton,IN,US
0118025,Crawford,IN,US
0118027,Daviess,IN,US
0118029,Dearborn,IN,US
0118031,Decatur,IN,US
0118033,De Kalb,IN,US
0118035,Delaware,IN,US
0118037,Dubois,IN,US
0118039,Elkhart,IN,US
0118041,Fayette,IN,US
0118043,Floyd,IN,US
0118045,Fountain,IN,US
0118047,Franklin,IN,US
0118049,Fulton,IN,US
0118051,Gibson,IN,US
0118053,Grant,IN,US
0118055,Greene,IN,US
0118057,Hamilton,IN,US
0118059,Hancock,IN,US
0118061,Harrison,IN,US
0118063,Hendricks,IN,US
0118065,Henry,IN,US
0118067,Howard,IN,US
0118069,Huntington,IN,US
0118071,Jackson,IN,US
0118073,Jasper,IN,US
0118075,Jay,IN,US
0118077,Jefferson,IN,US
0118079,Jennings,IN,US
0118081,Johnson,IN,US
0118083,Knox,IN,US
0118085,Kosciusko,IN,US
0118087,La Grange,IN,US
0118089,Lake,IN,US
0118091,La Porte,IN,US
0118093,Lawrence,IN,US
0118095,Madison,IN,US
0118097,Marion,IN,US
0118099,Marshall,IN,US
0118101,Martin,IN,US
0118103,Miami,IN,US
0118105,Monroe,IN,US
0118107,Montgomery,IN,US
0118109,Morgan,IN,US
0118111,Newton,IN,US
0118113,Noble,IN,US
0118115,Ohio,IN,US
0118117,Orange,IN,US
0118119,Owen,IN,US
0118121,Parke,IN,US
0118123,Perry,IN,US
0118125,Pike,IN,US
0118127,Porter,IN,US
0118129,Posey,IN,US
0118131,Pulaski,IN,US
0118133,Putnam,IN,US
0118135,Randolph,IN,US
0118137,Ripley,IN,US
0118139,Rush,IN,US
0118141,St Joseph,IN,US
0118143,Scott,IN,US
0118145,Shelby,IN,US
0118147,Spencer,IN,US
0118149,Starke,IN,US
0118151,Steuben,IN,US
0118153,Sullivan,IN,US
0118155,Switzerland,IN,US
0118157,Tippecanoe,IN,US
0118159,Tipton,IN,US
0118161,Union,IN,US
0118163,Vanderburgh,IN,US
0118165,Vermillion,IN,US
0118167,Vigo,IN,US
0118169,Wabash,IN,US
0118171,Warren,IN,US
0118173,Warrick,IN,US
0118175,Washington,IN,US
0118177,Wayne,IN,US
0118179,Wells,IN,US
0118181,White,IN,US
0118183,Whitley,IN,US
0119001,Adair,IA,US
0119003,Adams,IA,US
0119005,Allamakee,IA,US
0119007,Appanoose,IA,US
0119009,Audubon,IA,US
0119011,Benton,IA,US
0119013,Black Hawk,IA,US
0119015,Boone,IA,US
0119017,Bremer,IA,US
0119019,Buchanan,IA,US
0119021,Buena Vista,IA,US
0119023,Butler,IA,US
0119025,Calhoun,IA,US
0119027,Carroll,IA,US
0119029,Cass,IA,US
0119031,Cedar,IA,US
0119033,Cerro Gordo,IA,US
0119035,Cherokee,IA,US
0119037,Chickasaw,IA,US
0119039,Clarke,IA,US
0119041,Clay,IA,US
0119043,Clayton,IA,US
0119045,Clinton,IA,US
0119047,Crawford,IA,US
0119049,Dallas,IA,US
0119051,Davis,IA,US
0119053,Decatur,IA,US
0119055,Delaware,IA,US
0119057,Des Moines,IA,US
0119059,Dickinson,IA,US
0119061,Dubuque,IA,US
0119063,Emmet,IA,US
0119065,Fayette,IA,US
0119067,Floyd,IA,US
0119069,Franklin,IA,US
0119071,Fremont,IA,US
0119073,Greene,IA,US
0119075,Grundy,IA,US
0119077,Guthrie,IA,US
0119079,Hamilton,IA,US
0119081,Hancock,IA,US
0119083,Hardin,IA,US
0119085,Harrison,IA,US
0119087,Henry,IA,US
0119089,Howard,IA,US
0119091,Humboldt,IA,US
0119093,Ida,IA,US
0119095,Iowa,IA,US
0119097,Jackson,IA,US
0119099,Jasper,IA,US
0119101,Jefferson,IA,US
0119103,Johnson,IA,US
0119105,Jones,IA,US
0119107,Keokuk,IA,US
0119109,Kossuth,IA,US
0119111,Lee,IA,US
0119113,Linn,IA,US
0119115,Louisa,IA,US
0119117,Lucas,IA,US
0119119,Lyon,IA,US
0119121,Madison,IA,US
0119123,Mahaska,IA,US
0119125,Marion,IA,US
0119127,Marshall,IA,US
0119129,Mills,IA,US
0119131,Mitchell,IA,US
0119133,Monona,IA,US
0119135,Monroe,IA,US
0119137,Montgomery,IA,US
0119139,Muscatine,IA,US
0119141,O Brien,IA,US
0119143,Osceola,IA,US
0119145,Page,IA,US
0119147,Palo Alto,IA,US
0119149,Plymouth,IA,US
0119151,Pocahontas,IA,US
0119153,Polk,IA,US
0119155,Pottawattamie,IA,US
0119157,Poweshiek,IA,US
0119159,Ringgold,IA,US
0119161,Sac,IA,US
0119163,Scott,IA,US
0119165,Shelby,IA,US
0119167,Sioux,IA,US
0119169,Story,IA,US
0119171,Tama,IA,US
0119173,Taylor,IA,US
0119175,Union,IA,US
0119177,Van Buren,IA,US
0119179,Wapello,IA,US
0119181,Warren,IA,US
0119183,Washington,IA,US
0119185,Wayne,IA,US
0119187,Webster,IA,US
0119189,Winnebago,IA,US
0119191,Winneshiek,IA,US
0119193,Woodbury,IA,US
0119195,Worth,IA,US
0119197,Wright,IA,US
0120001,Allen,KS,US
0120003,Anderson,KS,US
0120005,Atchison,KS,US
0120007,Barber,KS,US
0120009,Barton,KS,US
0120011,Bourbon,KS,US
0120013,Brown,KS,US
0120015,Butler,KS,US
0120017,Chase,KS,US
0120019,Chautauqua,KS,US
0120021,Cherokee,KS,US
0120023,Cheyenne,KS,US
0120025,Clark,KS,US
0120027,Clay,KS,US
0120029,Cloud,KS,US
0120031,Coffey,KS,US
0120033,Comanche,KS,US
0120035,Cowley,KS,US
0120037,Crawford,KS,US
0120039,Decatur,KS,US
0120041,Dickinson,KS,US
0120043,Doniphan,KS,US
0120045,Douglas,KS,US
0120047,Edwards,KS,US
0120049,Elk,KS,US
0120051,Ellis,KS,US
0120053,Ellsworth,KS,US
0120055,Finney,KS,US
0120057,Ford,KS,US
0120059,Franklin,KS,US
0120061,Geary,KS,US
0120063,Gove,KS,US
0120065,Graham,KS,US
0120067,Grant,KS,US
0120069,Gray,KS,US
0120071,Greeley,KS,US
0120073,Greenwood,KS,US
0120075,Hamilton,KS,US
0120077,Harper,KS,US
0120079,Harvey,KS,US
0120081,Haskell,KS,US
0120083,Hodgeman,KS,US
0120085,Jackson,KS,US
0120087,Jefferson,KS,US
0120089,Jewell,KS,US
0120091,Johnson,KS,US
0120093,Kearny,KS,US
0120095,Kingman,KS,US
0120097,Kiowa,KS,US
0120099,Labette,KS,US
0120101,Lane,KS,US
0120103,Leavenworth,KS,US
0120105,Lincoln,KS,US
0120107,Linn,KS,US
0120109,Logan,KS,US
0120111,Lyon,KS,US
0120113,McPherson,KS,US
0120115,Marion,KS,US
0120117,Marshall,KS,US
0120119,Meade,KS,US
0120121,Miami,KS,US
0120123,Mitchell,KS,US
0120125,Montgomery,KS,US
0120127,Morris,KS,US
0120129,Morton,KS,US
0120131,Nemaha,KS,US
0120133,Neosho,KS,US
0120135,Ness,KS,US
0120137,Norton,KS,US
0120139,Osage,KS,US
0120141,Osborne,KS,US
0120143,Ottawa,KS,US
0120145,Pawnee,KS,US
0120147,Phillips,KS,US
0120149,Pottawatomie,KS,US
0120151,Pratt,KS,US
0120153,Rawlins,KS,US
0120155,Reno,KS,US
0120157,Republic,KS,US
0120159,Rice,KS,US
0120161,Riley,KS,US
0120163,Rooks,KS,US
0120165,Rush,KS,US
0120167,Russell,KS,US
0120169,Saline,KS,US
0120171,Scott,KS,US
0120173,Sedgwick,KS,US
0120175,Seward,KS,US
0120177,Shawnee,KS,US
0120179,Sheridan,KS,US
0120181,Sherman,KS,US
0120183,Smith,KS,US
0120185,Stafford,KS,US
0120187,Stanton,KS,US
0120189,Stevens,KS,US
0120191,Sumner,KS,US
0120193,Thomas,KS,US
0120195,Trego,KS,US
0120197,Wabaunsee,KS,US
0120199,Wallace,KS,US
0120201,Washington,KS,US
0120203,Wichita,KS,US
0120205,Wilson,KS,US
0120207,Woodson,KS,US
0120209,Wyandotte,KS,US
0121001,Adair,KY,US
0121003,Allen,KY,US
0121005,Anderson,KY,US
0121007,Ballard,KY,US
0121009,Barren,KY,US
0121011,Bath,KY,US
0121013,Bell,KY,US
0121015,Boone,KY,US
0121017,Bourbon,KY,US
0121019,Boyd,KY,US
0121021,Boyle,KY,US
0121023,Bracken,KY,US
0121025,Breathitt,KY,US
0121027,Breckinridge,KY,US
0121029,Bullitt,KY,US
0121031,Butler,KY,US
0121033,Caldwell,KY,US
0121035,Calloway,KY,US
0121037,Campbell,KY,US
0121039,Carlisle,KY,US
0121041,Carroll,KY,US
0121043,Carter,KY,US
0121045,Casey,KY,US
0121047,Christian,KY,US
0121049,Clark,KY,US
0121051,Clay,KY,US
0121053,Clinton,KY,US
0121055,Crittenden,KY,US
0121057,Cumberland,KY,US
0121059,Daviess,KY,US
0121061,Edmonson,KY,US
0121063,Elliott,KY,US
0121065,Estill,KY,US
0121067,Fayette,KY,US
0121069,Fleming,KY,US
0121071,Floyd,KY,US
0121073,Franklin,KY,US
0121075,Fulton,KY,US
0121077,Gallatin,KY,US
0121079,Garrard,KY,US
0121081,Grant,KY,US
0121083,Graves,KY,US
0121085,Grayson,KY,US
0121087,Green,KY,US
0121089,Greenup,KY,US
0121091,Hancock,KY,US
0121093,Hardin,KY,US
0121095,Harlan,KY,US
0121097,Harrison,KY,US
0121099,Hart,KY,US
0121101,Henderson,KY,US
0121103,Henry,KY,US
0121105,Hickman,KY,US
0121107,Hopkins,KY,US
0121109,Jackson,KY,US
0121111,Jefferson,KY,US
0121113,Jessamine,KY,US
0121115,Johnson,KY,US
0121117,Kenton,KY,US
0121119,Knott,KY,US
0121121,Knox,KY,US
0121123,Larue,KY,US
0121125,Laurel,KY,US
0121127,Lawrence,KY,US
0121129,Lee,KY,US
0121131,Leslie,KY,US
0121133,Letcher,KY,US
0121135,Lewis,KY,US
0121137,Lincoln,KY,US
0121139,Livingston,KY,US
0121141,Logan,KY,US
0121143,Lyon,KY,US
0121145,McCracken,KY,US
0121147,McCreary,KY,US
0121149,McLean,KY,US
0121151,Madison,KY,US
0121153,Magoffin,KY,US
0121155,Marion,KY,US
0121157,Marshall,KY,US
0121159,Martin,KY,US
0121161,Mason,KY,US
0121163,Meade,KY,US
0121165,Menifee,KY,US
0121167,Mercer,KY,US
0121169,Metcalfe,KY,US
0121171,Monroe,KY,US
0121173,Montgomery,KY,US
0121175,Morgan,KY,US
0121177,Muhlenberg,KY,US
0121179,Nelson,KY,US
0121181,Nicholas,KY,US
0121183,Ohio,KY,US
0121185,Oldham,KY,US
0121187,Owen,KY,US
0121189,Owsley,KY,US
0121191,Pendleton,KY,US
0121193,Perry,KY,US
0121195,Pike,KY,US
0121197,Powell,KY,US
0121199,Pulaski,KY,US
0121201,Robertson,KY,US
0121203,Rockcastle,KY,US
0121205,Rowan,KY,US
0121207,Russell,KY,US
0121209,Scott,KY,US
0121211,Shelby,KY,US
0121213,Simpson,KY,US
0121215,Spencer,KY,US
0121217,Taylor,KY,US
0121219,Todd,KY,US
0121221,Trigg,KY,US
0121223,Trimble,KY,US
0121225,Union,KY,US
0121227,Warren,KY,US
0121229,Washington,KY,US
0121231,Wayne,KY,US
0121233,Webster,KY,US
0121235,Whitley,KY,US
0121237,Wolfe,KY,US
0121239,Woodford,KY,US
0122001,Acadia,LA,US
0122003,Allen,LA,US
0122005,Ascension,LA,US
0122007,Assumption,LA,US
0122009,Avoyelles,LA,US
0122011,Beauregard,LA,US
0122013,Bienville,LA,US
0122015,Bossier,LA,US
0122017,Caddo,LA,US
0122019,Calcasieu,LA,US
0122021,Caldwell,LA,US
0122023,Cameron,LA,US
0122025,Catahoula,LA,US
0122027,Claiborne,LA,US
0122029,Concordia,LA,US
0122031,De Soto,LA,US
0122033,East Baton Rouge,LA,US
0122035,East Carroll,LA,US
0122037,East Feliciana,LA,US
0122039,Evangeline,LA,US
0122041,Franklin,LA,US
0122043,Grant,LA,US
0122045,Iberia,LA,US
0122047,Iberville,LA,US
0122049,Jackson,LA,US
0122051,Jefferson,LA,US
0122053,Jefferson Davis,LA,US
0122055,Lafayette,LA,US
0122057,Lafourche,LA,US
0122059,La Salle,LA,US
0122061,Lincoln,LA,US
0122063,Livingston,LA,US
0122065,Madison,LA,US
0122067,Morehouse,LA,US
0122069,Natchitoches,LA,US
0122071,Orleans,LA,US
0122073,Ouachita,LA,US
0122075,Plaquemines,LA,US
0122077,Pointe Coupee,LA,US
0122079,Rapides,LA,US
0122081,Red River,LA,US
0122083,Richland,LA,US
0122085,Sabine,LA,US
0122087,St Bernard,LA,US
0122089,St Charles,LA,US
0122091,St Helena,LA,US
0122093,St James,LA,US
0122095,St John the Baptist,LA,US
0122097,St Landry,LA,US
0122099,St Martin,LA,US
0122101,St Mary,LA,US
0122103,St Tammany,LA,US
0122105,Tangipahoa,LA,US
0122107,Tensas,LA,US
0122109,Terrebonne,LA,US
0122111,Union,LA,US
0122113,Vermilion,LA,US
0122115,Vernon,LA,US
0122117,Washington,LA,US
0122119,Webster,LA,US
0122121,West Baton Rouge,LA,US
0122123,West Carroll,LA,US
0122125,West Feliciana,LA,US
0122127,Winn,LA,US
0123001,Androscoggin,ME,US
0123003,Aroostook,ME,US
0123005,Cumberland,ME,US
0123007,Franklin,ME,US
0123009,Hancock,ME,US
0123011,Kennebec,ME,US
0123013,Knox,ME,US
0123015,Lincoln,ME,US
0123017,Oxford,ME,US
0123019,Penobscot,ME,US
0123021,Piscataquis,ME,US
0123023,Sagadahoc,ME,US
0123025,Somerset,ME,US
0123027,Waldo,ME,US
0123029,Washington,ME,US
0123031,York,ME,US
0124001,Allegany,MD,US
0124003,Anne Arundel,MD,US
0124005,Baltimore,MD,US
0124009,Calvert,MD,US
0124011,Caroline,MD,US
0124013,Carroll,MD,US
0124015,Cecil,MD,US
0124017,Charles,MD,US
0124019,Dorchester,MD,US
0124021,Frederick,MD,US
0124023,Garrett,MD,US
0124025,Harford,MD,US
0124027,Howard,MD,US
0124029,Kent,MD,US
0124031,Montgomery,MD,US
0124033,Prince Georges,MD,US
0124035,Queen Annes,MD,US
0124037,St Marys,MD,US
0124039,Somerset,MD,US
0124041,Talbot,MD,US
0124043,Washington,MD,US
0124045,Wicomico,MD,US
0124047,Worcester,MD,US
0124510,Baltimore City,MD,US
0125001,Barnstable,MA,US
0125003,Berkshire,MA,US
0125005,Bristol,MA,US
0125007,Dukes,MA,US
0125009,Essex,MA,US
0125011,Franklin,MA,US
0125013,Hampden,MA,US
0125015,Hampshire,MA,US
0125017,Middlesex,MA,US
0125019,Nantucket,MA,US
0125021,Norfolk,MA,US
0125023,Plymouth,MA,US
0125025,Suffolk,MA,US
0125027,Worcester,MA,US
0126001,Alcona,MI,US
0126003,Alger,MI,US
0126005,Allegan,MI,US
0126007,Alpena,MI,US
0126009,Antrim,MI,US
0126011,Arenac,MI,US
0126013,Baraga,MI,US
0126015,Barry,MI,US
0126017,Bay,MI,US
0126019,Benzie,MI,US
0126021,Berrien,MI,US
0126023,Branch,MI,US
0126025,Calhoun,MI,US
0126027,Cass,MI,US
0126029,Charlevoix,MI,US
0126031,Cheboygan,MI,US
0126033,Chippewa,MI,US
0126035,Clare,MI,US
0126037,Clinton,MI,US
0126039,Crawford,MI,US
0126041,Delta,MI,US
0126043,Dickinson,MI,US
0126045,Eaton,MI,US
0126047,Emmet,MI,US
0126049,Genesee,MI,US
0126051,Gladwin,MI,US
0126053,Gogebic,MI,US
0126055,Grand Traverse,MI,US
0126057,Gratiot,MI,US
0126059,Hillsdale,MI,US
0126061,Houghton,MI,US
0126063,Huron,MI,US
0126065,Ingham,MI,US
0126067,Ionia,MI,US
0126069,Iosco,MI,US
0126071,Iron,MI,US
0126073,Isabella,MI,US
0126075,Jackson,MI,US
0126077,Kalamazoo,MI,US
0126079,Kalkaska,MI,US
0126081,Kent,MI,US
0126083,Keweenaw,MI,US
0126085,Lake,MI,US
0126087,Lapeer,MI,US
0126089,Leelanau,MI,US
0126091,Lenawee,MI,US
0126093,Livingston,MI,US
0126095,Luce,MI,US
0126097,Mackinac,MI,US
0126099,Macomb,MI,US
0126101,Manistee,MI,US
0126103,Marquette,MI,US
0126105,Mason,MI,US
0126107,Mecosta,MI,US
0126109,Menominee,MI,US
0126111,Midland,MI,US
0126113,Missaukee,MI,US
0126115,Monroe,MI,US
0126117,Montcalm,MI,US
0126119,Montmorency,MI,US
0126121,Muskegon,MI,US
0126123,Newaygo,MI,US
0126125,Oakland,MI,US
0126127,Oceana,MI,US
0126129,Ogemaw,MI,US
0126131,Ontonagon,MI,US
0126133,Osceola,MI,US
0126135,Oscoda,MI,US
0126137,Otsego,MI,US
0126139,Ottawa,MI,US
0126141,Presque Isle,MI,US
0126143,Roscommon,MI,US
0126145,Saginaw,MI,US
0126147,St Clair,MI,US
0126149,St Joseph,MI,US
0126151,Sanilac,MI,US
0126153,Schoolcraft,MI,US
0126155,Shiawassee,MI,US
0126157,Tuscola,MI,US
0126159,Van Buren,MI,US
0126161,Washtenaw,MI,US
0126163,Wayne,MI,US
0126165,Wexford,MI,US
0127001,Aitkin,MN,US
0127003,Anoka,MN,US
0127005,Becker,MN,US
0127007,Beltrami,MN,US
0127009,Benton,MN,US
0127011,Big Stone,MN,US
0127013,Blue Earth,MN,US
0127015,Brown,MN,US
0127017,Carlton,MN,US
0127019,Carver,MN,US
0127021,Cass,MN,US
0127023,Chippewa,MN,US
0127025,Chisago,MN,US
0127027,Clay,MN,US
0127029,Clearwater,MN,US
0127031,Cook,MN,US
0127033,Cottonwood,MN,US
0127035,Crow Wing,MN,US
0127037,Dakota,MN,US
0127039,Dodge,MN,US
0127041,Douglas,MN,US
0127043,Faribault,MN,US
0127045,Fillmore,MN,US
0127047,Freeborn,MN,US
0127049,Goodhue,MN,US
0127051,Grant,MN,US
0127053,Hennepin,MN,US
0127055,Houston,MN,US
0127057,Hubbard,MN,US
0127059,Isanti,MN,US
0127061,Itasca,MN,US
0127063,Jackson,MN,US
0127065,Kanabec,MN,US
0127067,Kandiyohi,MN,US
0127069,Kittson,MN,US
0127071,Koochiching,MN,US
0127073,Lac qui Parle,MN,US
0127075,Lake,MN,US
0127077,Lake of the Woods,MN,US
0127079,Le Sueur,MN,US
0127081,Lincoln,MN,US
0127083,Lyon,MN,US
0127085,McLeod,MN,US
0127087,Mahnomen,MN,US
0127089,Marshall,MN,US
0127091,Martin,MN,US
0127093,Meeker,MN,US
0127095,Mille Lacs,MN,US
0127097,Morrison,MN,US
0127099,Mower,MN,US
0127101,Murray,MN,US
0127103,Nicollet,MN,US
0127105,Nobles,MN,US
0127107,Norman,MN,US
0127109,Olmsted,MN,US
0127111,Otter Tail,MN,US
0127113,Pennington,MN,US
0127115,Pine,MN,US
0127117,Pipestone,MN,US
0127119,Polk,MN,US
0127121,Pope,MN,US
0127123,Ramsey,MN,US
0127125,Red Lake,MN,US
0127127,Redwood,MN,US
0127129,Renville,MN,US
0127131,Rice,MN,US
0127133,Rock,MN,US
0127135,Roseau,MN,US
0127137,St Louis,MN,US
0127139,Scott,MN,US
0127141,Sherburne,MN,US
0127143,Sibley,MN,US
0127145,Stearns,MN,US
0127147,Steele,MN,US
0127149,Stevens,MN,US
0127151,Swift,MN,US
0127153,Todd,MN,US
0127155,Traverse,MN,US
0127157,Wabasha,MN,US
0127159,Wadena,MN,US
0127161,Waseca,MN,US
0127163,Washington,MN,US
0127165,Watonwan,MN,US
0127167,Wilkin,MN,US
0127169,Winona,MN,US
0127171,Wright,MN,US
0127173,Yellow Medicine,MN,US
0128001,Adams,MS,US
0128003,Alcorn,MS,US
0128005,Amite,MS,US
0128007,Attala,MS,US
0128009,Benton,MS,US
0128011,Bolivar,MS,US
0128013,Calhoun,MS,US
0128015,Carroll,MS,US
0128017,Chickasaw,MS,US
0128019,Choctaw,MS,US
0128021,Claiborne,MS,US
0128023,Clarke,MS,US
0128025,Clay,MS,US
0128027,Coahoma,MS,US
0128029,Copiah,MS,US
0128031,Covington,MS,US
0128033,De Soto,MS,US
0128035,Forrest,MS,US
0128037,Franklin,MS,US
0128039,George,MS,US
0128041,Greene,MS,US
0128043,Grenada,MS,US
0128045,Hancock,MS,US
0128047,Harrison,MS,US
0128049,Hinds,MS,US
0128051,Holmes,MS,US
0128053,Humphreys,MS,US
0128055,Issaquena,MS,US
0128057,Itawamba,MS,US
0128059,Jackson,MS,US
0128061,Jasper,MS,US
0128063,Jefferson,MS,US
0128065,Jefferson Davis,MS,US
0128067,Jones,MS,US
0128069,Kemper,MS,US
0128071,Lafayette,MS,US
0128073,Lamar,MS,US
0128075,Lauderdale,MS,US
0128077,Lawrence,MS,US
0128079,Leake,MS,US
0128081,Lee,MS,US
0128083,Leflore,MS,US
0128085,Lincoln,MS,US
0128087,Lowndes,MS,US
0128089,Madison,MS,US
0128091,Marion,MS,US
0128093,Marshall,MS,US
0128095,Monroe,MS,US
0128097,Montgomery,MS,US
0128099,Neshoba,MS,US
0128101,Newton,MS,US
0128103,Noxubee,MS,US
0128105,Oktibbeha,MS,US
0128107,Panola,MS,US
0128109,Pearl River,MS,US
0128111,Perry,MS,US
0128113,Pike,MS,US
0128115,Pontotoc,MS,US
0128117,Prentiss,MS,US
0128119,Quitman,MS,US
0128121,Rankin,MS,US
0128123,Scott,MS,US
0128125,Sharkey,MS,US
0128127,Simpson,MS,US
0128129,Smith,MS,US
0128131,Stone,MS,US
0128133,Sunflower,MS,US
0128135,Tallahatchie,MS,US
0128137,Tate,MS,US
0128139,Tippah,MS,US
0128141,Tishomingo,MS,US
0128143,Tunica,MS,US
0128145,Union,MS,US
0128147,Walthall,MS,US
0128149,Warren,MS,US
0128151,Washington,MS,US
0128153,Wayne,MS,US
0128155,Webster,MS,US
0128157,Wilkinson,MS,US
0128159,Winston,MS,US
0128161,Yalobusha,MS,US
0128163,Yazoo,MS,US
0129001,Adair,MO,US
0129003,Andrew,MO,US
0129005,Atchison,MO,US
0129007,Audrain,MO,US
0129009,Barry,MO,US
0129011,Barton,MO,US
0129013,Bates,MO,US
0129015,Benton,MO,US
0129017,Bollinger,MO,US
0129019,Boone,MO,US
0129021,Buchanan,MO,US
0129023,Butler,MO,US
0129025,Caldwell,MO,US
0129027,Callaway,MO,US
0129029,Camden,MO,US
0129031,Cape Girardeau,MO,US
0129033,Carroll,MO,US
0129035,Carter,MO,US
0129037,Cass,MO,US
0129039,Cedar,MO,US
0129041,Chariton,MO,US
0129043,Christian,MO,US
0129045,Clark,MO,US
0129047,Clay,MO,US
0129049,Clinton,MO,US
0129051,Cole,MO,US
0129053,Cooper,MO,US
0129055,Crawford,MO,US
0129057,Dade,MO,US
0129059,Dallas,MO,US
0129061,Daviess,MO,US
0129063,De Kalb,MO,US
0129065,Dent,MO,US
0129067,Douglas,MO,US
0129069,Dunklin,MO,US
0129071,Franklin,MO,US
0129073,Gasconade,MO,US
0129075,Gentry,MO,US
0129077,Greene,MO,US
0129079,Grundy,MO,US
0129081,Harrison,MO,US
0129083,Henry,MO,US
0129085,Hickory,MO,US
0129087,Holt,MO,US
0129089,Howard,MO,US
0129091,Howell,MO,US
0129093,Iron,MO,US
0129095,Jackson,MO,US
0129097,Jasper,MO,US
0129099,Jefferson,MO,US
0129101,Johnson,MO,US
0129103,Knox,MO,US
0129105,Laclede,MO,US
0129107,Lafayette,MO,US
0129109,Lawrence,MO,US
0129111,Lewis,MO,US
0129113,Lincoln,MO,US
0129115,Linn,MO,US
0129117,Livingston,MO,US
0129119,McDonald,MO,US
0129121,Macon,MO,US
0129123,Madison,MO,US
0129125,Maries,MO,US
0129127,Marion,MO,US
0129129,Mercer,MO,US
0129131,Miller,MO,US
0129133,Mississippi,MO,US
0129135,Moniteau,MO,US
0129137,Monroe,MO,US
0129139,Montgomery,MO,US
0129141,Morgan,MO,US
0129143,New Madrid,MO,US
0129145,Newton,MO,US
0129147,Nodaway,MO,US
0129149,Oregon,MO,US
0129151,Osage,MO,US
0129153,Ozark,MO,US
0129155,Pemiscot,MO,US
0129157,Perry,MO,US
0129159,Pettis,MO,US
0129161,Phelps,MO,US
0129163,Pike,MO,US
0129165,Platte,MO,US
0129167,Polk,MO,US
0129169,Pulaski,MO,US
0129171,Putnam,MO,US
0129173,Ralls,MO,US
0129175,Randolph,MO,US
0129177,Ray,MO,US
0129179,Reynolds,MO,US
0129181,Ripley,MO,US
0129183,St Charles,MO,US
0129185,St Clair,MO,US
0129186,Ste. Genevieve,MO,US
0129187,St Francois,MO,US
0129189,St Louis,MO,US
0129195,Saline,MO,US
0129197,Schuyler,MO,US
0129199,Scotland,MO,US
0129201,Scott,MO,US
0129203,Shannon,MO,US
0129205,Shelby,MO,US
0129207,Stoddard,MO,US
0129209,Stone,MO,US
0129211,Sullivan,MO,US
0129213,Taney,MO,US
0129215,Texas,MO,US
0129217,Vernon,MO,US
0129219,Warren,MO,US
0129221,Washington,MO,US
0129223,Wayne,MO,US
0129225,Webster,MO,US
0129227,Worth,MO,US
0129229,Wright,MO,US
0129510,St Louis City,MO,US
0130001,Beaverhead,MT,US
0130003,Big Horn,MT,US
0130005,Blaine,MT,US
0130007,Broadwater,MT,US
0130009,Carbon,MT,US
0130011,Carter,MT,US
0130013,Cascade,MT,US
0130015,Chouteau,MT,US
0130017,Custer,MT,US
0130019,Daniels,MT,US
0130021,Dawson,MT,US
0130023,Deer Lodge,MT,US
0130025,Fallon,MT,US
0130027,Fergus,MT,US
0130029,Flathead,MT,US
0130031,Gallatin,MT,US
0130033,Garfield,MT,US
0130035,Glacier,MT,US
0130037,Golden Valley,MT,US
0130039,Granite,MT,US
0130041,Hill,MT,US
0130043,Jefferson,MT,US
0130045,Judith Basin,MT,US
0130047,Lake,MT,US
0130049,Lewis and Clark,MT,US
0130051,Liberty,MT,US
0130053,Lincoln,MT,US
0130055,McCone,MT,US
0130057,Madison,MT,US
0130059,Meagher,MT,US
0130061,Mineral,MT,US
0130063,Missoula,MT,US
0130065,Musselshell,MT,US
0130067,Park,MT,US
0130069,Petroleum,MT,US
0130071,Phillips,MT,US
0130073,Pondera,MT,US
0130075,Powder River,MT,US
0130077,Powell,MT,US
0130079,Prairie,MT,US
0130081,Ravalli,MT,US
0130083,Richland,MT,US
0130085,Roosevelt,MT,US
0130087,Rosebud,MT,US
0130089,Sanders,MT,US
0130091,Sheridan,MT,US
0130093,Silver Bow,MT,US
0130095,Stillwater,MT,US
0130097,Sweet Grass,MT,US
0130099,Teton,MT,US
0130101,Toole,MT,US
0130103,Treasure,MT,US
0130105,Valley,MT,US
0130107,Wheatland,MT,US
0130109,Wibaux,MT,US
0130111,Yellowstone,MT,US
0130113,Yellowstone Nat Park,MT,US
0131001,Adams,NE,US
0131003,Antelope,NE,US
0131005,Arthur,NE,US
0131007,Banner,NE,US
0131009,Blaine,NE,US
0131011,Boone,NE,US
0131013,Box Butte,NE,US
0131015,Boyd,NE,US
0131017,Brown,NE,US
0131019,Buffalo,NE,US
0131021,Burt,NE,US
0131023,Butler,NE,US
0131025,Cass,NE,US
0131027,Cedar,NE,US
0131029,Chase,NE,US
0131031,Cherry,NE,US
0131033,Cheyenne,NE,US
0131035,Clay,NE,US
0131037,Colfax,NE,US
0131039,Cuming,NE,US
0131041,Custer,NE,US
0131043,Dakota,NE,US
0131045,Dawes,NE,US
0131047,Dawson,NE,US
0131049,Deuel,NE,US
0131051,Dixon,NE,US
0131053,Dodge,NE,US
0131055,Douglas,NE,US
0131057,Dundy,NE,US
0131059,Fillmore,NE,US
0131061,Franklin,NE,US
0131063,Frontier,NE,US
0131065,Furnas,NE,US
0131067,Gage,NE,US
0131069,Garden,NE,US
0131071,Garfield,NE,US
0131073,Gosper,NE,US
0131075,Grant,NE,US
0131077,Greeley,NE,US
0131079,Hall,NE,US
0131081,Hamilton,NE,US
0131083,Harlan,NE,US
0131085,Hayes,NE,US
0131087,Hitchcock,NE,US
0131089,Holt,NE,US
0131091,Hooker,NE,US
0131093,Howard,NE,US
0131095,Jefferson,NE,US
0131097,Johnson,NE,US
0131099,Kearney,NE,US
0131101,Keith,NE,US
0131103,Keya Paha,NE,US
0131105,Kimball,NE,US
0131107,Knox,NE,US
0131109,Lancaster,NE,US
0131111,Lincoln,NE,US
0131113,Logan,NE,US
0131115,Loup,NE,US
0131117,McPherson,NE,US
0131119,Madison,NE,US
0131121,Merrick,NE,US
0131123,Morrill,NE,US
0131125,Nance,NE,US
0131127,Nemaha,NE,US
0131129,Nuckolls,NE,US
0131131,Otoe,NE,US
0131133,Pawnee,NE,US
0131135,Perkins,NE,US
0131137,Phelps,NE,US
0131139,Pierce,NE,US
0131141,Platte,NE,US
0131143,Polk,NE,US
0131145,Red Willow,NE,US
0131147,Richardson,NE,US
0131149,Rock,NE,US
0131151,Saline,NE,US
0131153,Sarpy,NE,US
0131155,Saunders,NE,US
0131157,Scotts Bluff,NE,US
0131159,Seward,NE,US
0131161,Sheridan,NE,US
0131163,Sherman,NE,US
0131165,Sioux,NE,US
0131167,Stanton,NE,US
0131169,Thayer,NE,US
0131171,Thomas,NE,US
0131173,Thurston,NE,US
0131175,Valley,NE,US
0131177,Washington,NE,US
0131179,Wayne,NE,US
0131181,Webster,NE,US
0131183,Wheeler,NE,US
0131185,York,NE,US
0132001,Churchill,NV,US
0132003,Clark,NV,US
0132005,Douglas,NV,US
0132007,Elko,NV,US
0132009,Esmeralda,NV,US
0132011,Eureka,NV,US
0132013,Humboldt,NV,US
0132015,Lander,NV,US
0132017,Lincoln,NV,US
0132019,Lyon,NV,US
0132021,Mineral,NV,US
0132023,Nye,NV,US
0132027,Pershing,NV,US
0132029,Storey,NV,US
0132031,Washoe,NV,US
0132033,White Pine,NV,US
0132510,Carson City,NV,US
0133001,Belknap,NH,US
0133003,Carroll,NH,US
0133005,Cheshire,NH,US
0133007,Coos,NH,US
0133009,Grafton,NH,US
0133011,Hillsborough,NH,US
0133013,Merrimack,NH,US
0133015,Rockingham,NH,US
0133017,Strafford,NH,US
0133019,Sullivan,NH,US
0134001,Atlantic,NJ,US
0134003,Bergen,NJ,US
0134005,Burlington,NJ,US
0134007,Camden,NJ,US
0134009,Cape May,NJ,US
0134011,Cumberland,NJ,US
0134013,Essex,NJ,US
0134015,Gloucester,NJ,US
0134017,Hudson,NJ,US
0134019,Hunterdon,NJ,US
0134021,Mercer,NJ,US
0134023,Middlesex,NJ,US
0134025,Monmouth,NJ,US
0134027,Morris,NJ,US
0134029,Ocean,NJ,US
0134031,Passaic,NJ,US
0134033,Salem,NJ,US
0134035,Somerset,NJ,US
0134037,Sussex,NJ,US
0134039,Union,NJ,US
0134041,Warren,NJ,US
0135001,Bernalillo,NM,US
0135003,Catron,NM,US
0135005,Chaves,NM,US
0135006,Cibola,NM,US
0135007,Colfax,NM,US
0135009,Curry,NM,US
0135011,De Baca,NM,US
0135013,Dona Ana,NM,US
0135015,Eddy,NM,US
0135017,Grant,NM,US
0135019,Guadalupe,NM,US
0135021,Harding,NM,US
0135023,Hidalgo,NM,US
0135025,Lea,NM,US
0135027,Lincoln,NM,US
0135028,Los Alamos,NM,US
0135029,Luna,NM,US
0135031,McKinley,NM,US
0135033,Mora,NM,US
0135035,Otero,NM,US
0135037,Quay,NM,US
0135039,Rio Arriba,NM,US
0135041,Roosevelt,NM,US
0135043,Sandoval,NM,US
0135045,San Juan,NM,US
0135047,San Miguel,NM,US
0135049,Santa Fe,NM,US
0135051,Sierra,NM,US
0135053,Socorro,NM,US
0135055,Taos,NM,US
0135057,Torrance,NM,US
0135059,Union,NM,US
0135061,Valencia,NM,US
0136001,Albany,NY,US
0136003,Allegany,NY,US
0136005,Bronx,NY,US
0136007,Broome,NY,US
0136009,Cattaraugus,NY,US
0136011,Cayuga,NY,US
0136013,Chautauqua,NY,US
0136015,Chemung,NY,US
0136017,Chenango,NY,US
0136019,Clinton,NY,US
0136021,Columbia,NY,US
0136023,Cortland,NY,US
0136025,Delaware,NY,US
0136027,Dutchess,NY,US
0136029,Erie,NY,US
0136031,Essex,NY,US
0136033,Franklin,NY,US
0136035,Fulton,NY,US
0136037,Genesee,NY,US
0136039,Greene,NY,US
0136041,Hamilton,NY,US
0136043,Herkimer,NY,US
0136045,Jefferson,NY,US
0136047,Kings,NY,US
0136049,Lewis,NY,US
0136051,Livingston,NY,US
0136053,Madison,NY,US
0136055,Monroe,NY,US
0136057,Montgomery,NY,US
0136059,Nassau,NY,US
0136061,New York,NY,US
0136063,Niagara,NY,US
0136065,Oneida,NY,US
0136067,Onondaga,NY,US
0136069,Ontario,NY,US
0136071,Orange,NY,US
0136073,Orleans,NY,US
0136075,Oswego,NY,US
0136077,Otsego,NY,US
0136079,Putnam,NY,US
0136081,Queens,NY,US
0136083,Rensselaer,NY,US
0136085,Richmond,NY,US
0136087,Rockland,NY,US
0136089,St Lawrence,NY,US
0136091,Saratoga,NY,US
0136093,Schenectady,NY,US
0136095,Schoharie,NY,US
0136097,Schuyler,NY,US
0136099,Seneca,NY,US
0136101,Steuben,NY,US
0136103,Suffolk,NY,US
0136105,Sullivan,NY,US
0136107,Tioga,NY,US
0136109,Tompkins,NY,US
0136111,Ulster,NY,US
0136113,Warren,NY,US
0136115,Washington,NY,US
0136117,Wayne,NY,US
0136119,Westchester,NY,US
0136121,Wyoming,NY,US
0136123,Yates,NY,US
0137001,Alamance,NC,US
0137003,Alexander,NC,US
0137005,Alleghany,NC,US
0137007,Anson,NC,US
0137009,Ashe,NC,US
0137011,Avery,NC,US
0137013,Beaufort,NC,US
0137015,Bertie,NC,US
0137017,Bladen,NC,US
0137019,Brunswick,NC,US
0137021,Buncombe,NC,US
0137023,Burke,NC,US
0137025,Cabarrus,NC,US
0137027,Caldwell,NC,US
0137029,Camden,NC,US
0137031,Carteret,NC,US
0137033,Caswell,NC,US
0137035,Catawba,NC,US
0137037,Chatham,NC,US
0137039,Cherokee,NC,US
0137041,Chowan,NC,US
0137043,Clay,NC,US
0137045,Cleveland,NC,US
0137047,Columbus,NC,US
0137049,Craven,NC,US
0137051,Cumberland,NC,US
0137053,Currituck,NC,US
0137055,Dare,NC,US
0137057,Davidson,NC,US
0137059,Davie,NC,US
0137061,Duplin,NC,US
0137063,Durham,NC,US
0137065,Edgecombe,NC,US
0137067,Forsyth,NC,US
0137069,Franklin,NC,US
0137071,Gaston,NC,US
0137073,Gates,NC,US
0137075,Graham,NC,US
0137077,Granville,NC,US
0137079,Greene,NC,US
0137081,Guilford,NC,US
0137083,Halifax,NC,US
0137085,Harnett,NC,US
0137087,Haywood,NC,US
0137089,Henderson,NC,US
0137091,Hertford,NC,US
0137093,Hoke,NC,US
0137095,Hyde,NC,US
0137097,Iredell,NC,US
0137099,Jackson,NC,US
0137101,Johnston,NC,US
0137103,Jones,NC,US
0137105,Lee,NC,US
0137107,Lenoir,NC,US
0137109,Lincoln,NC,US
0137111,McDowell,NC,US
0137113,Macon,NC,US
0137115,Madison,NC,US
0137117,Martin,NC,US
0137119,Mecklenburg,NC,US
0137121,Mitchell,NC,US
0137123,Montgomery,NC,US
0137125,Moore,NC,US
0137127,Nash,NC,US
0137129,New Hanover,NC,US
0137131,Northampton,NC,US
0137133,Onslow,NC,US
0137135,Orange,NC,US
0137137,Pamlico,NC,US
0137139,Pasquotank,NC,US
0137141,Pender,NC,US
0137143,Perquimans,NC,US
0137145,Person,NC,US
0137147,Pitt,NC,US
0137149,Polk,NC,US
0137151,Randolph,NC,US
0137153,Richmond,NC,US
0137155,Robeson,NC,US
0137157,Rockingham,NC,US
0137159,Rowan,NC,US
0137161,Rutherford,NC,US
0137163,Sampson,NC,US
0137165,Scotland,NC,US
0137167,Stanly,NC,US
0137169,Stokes,NC,US
0137171,Surry,NC,US
0137173,Swain,NC,US
0137175,Transylvania,NC,US
0137177,Tyrrell,NC,US
0137179,Union,NC,US
0137181,Vance,NC,US
0137183,Wake,NC,US
0137185,Warren,NC,US
0137187,Washington,NC,US
0137189,Watauga,NC,US
0137191,Wayne,NC,US
0137193,Wilkes,NC,US
0137195,Wilson,NC,US
0137197,Yadkin,NC,US
0137199,Yancey,NC,US
0138001,Adams,ND,US
0138003,Barnes,ND,US
0138005,Benson,ND,US
0138007,Billings,ND,US
0138009,Bottineau,ND,US
0138011,Bowman,ND,US
0138013,Burke,ND,US
0138015,Burleigh,ND,US
0138017,Cass,ND,US
0138019,Cavalier,ND,US
0138021,Dickey,ND,US
0138023,Divide,ND,US
0138025,Dunn,ND,US
0138027,Eddy,ND,US
0138029,Emmons,ND,US
0138031,Foster,ND,US
0138033,Golden Valley,ND,US
0138035,Grand Forks,ND,US
0138037,Grant,ND,US
0138039,Griggs,ND,US
0138041,Hettinger,ND,US
0138043,Kidder,ND,US
0138045,La Moure,ND,US
0138047,Logan,ND,US
0138049,McHenry,ND,US
0138051,McIntosh,ND,US
0138053,McKenzie,ND,US
0138055,McLean,ND,US
0138057,Mercer,ND,US
0138059,Morton,ND,US
0138061,Mountrail,ND,US
0138063,Nelson,ND,US
0138065,Oliver,ND,US
0138067,Pembina,ND,US
0138069,Pierce,ND,US
0138071,Ramsey,ND,US
0138073,Ransom,ND,US
0138075,Renville,ND,US
0138077,Richland,ND,US
0138079,Rolette,ND,US
0138081,Sargent,ND,US
0138083,Sheridan,ND,US
0138085,Sioux,ND,US
0138087,Slope,ND,US
0138089,Stark,ND,US
0138091,Steele,ND,US
0138093,Stutsman,ND,US
0138095,Towner,ND,US
0138097,Traill,ND,US
0138099,Walsh,ND,US
0138101,Ward,ND,US
0138103,Wells,ND,US
0138105,Williams,ND,US
0139001,Adams,OH,US
0139003,Allen,OH,US
0139005,Ashland,OH,US
0139007,Ashtabula,OH,US
0139009,Athens,OH,US
0139011,Auglaize,OH,US
0139013,Belmont,OH,US
0139015,Brown,OH,US
0139017,Butler,OH,US
0139019,Carroll,OH,US
0139021,Champaign,OH,US
0139023,Clark,OH,US
0139025,Clermont,OH,US
0139027,Clinton,OH,US
0139029,Columbiana,OH,US
0139031,Coshocton,OH,US
0139033,Crawford,OH,US
0139035,Cuyahoga,OH,US
0139037,Darke,OH,US
0139039,Defiance,OH,US
0139041,Delaware,OH,US
0139043,Erie,OH,US
0139045,Fairfield,OH,US
0139047,Fayette,OH,US
0139049,Franklin,OH,US
0139051,Fulton,OH,US
0139053,Gallia,OH,US
0139055,Geauga,OH,US
0139057,Greene,OH,US
0139059,Guernsey,OH,US
0139061,Hamilton,OH,US
0139063,Hancock,OH,US
0139065,Hardin,OH,US
0139067,Harrison,OH,US
0139069,Henry,OH,US
0139071,Highland,OH,US
0139073,Hocking,OH,US
0139075,Holmes,OH,US
0139077,Huron,OH,US
0139079,Jackson,OH,US
0139081,Jefferson,OH,US
0139083,Knox,OH,US
0139085,Lake,OH,US
0139087,Lawrence,OH,US
0139089,Licking,OH,US
0139091,Logan,OH,US
0139093,Lorain,OH,US
0139095,Lucas,OH,US
0139097,Madison,OH,US
0139099,Mahoning,OH,US
0139101,Marion,OH,US
0139103,Medina,OH,US
0139105,Meigs,OH,US
0139107,Mercer,OH,US
0139109,Miami,OH,US
0139111,Monroe,OH,US
0139113,Montgomery,OH,US
0139115,Morgan,OH,US
0139117,Morrow,OH,US
0139119,Muskingum,OH,US
0139121,Noble,OH,US
0139123,Ottawa,OH,US
0139125,Paulding,OH,US
0139127,Perry,OH,US
0139129,Pickaway,OH,US
0139131,Pike,OH,US
0139133,Portage,OH,US
0139135,Preble,OH,US
0139137,Putnam,OH,US
0139139,Richland,OH,US
0139141,Ross,OH,US
0139143,Sandusky,OH,US
0139145,Scioto,OH,US
0139147,Seneca,OH,US
0139149,Shelby,OH,US
0139151,Stark,OH,US
0139153,Summit,OH,US
0139155,Trumbull,OH,US
0139157,Tuscarawas,OH,US
0139159,Union,OH,US
0139161,Van Wert,OH,US
0139163,Vinton,OH,US
0139165,Warren,OH,US
0139167,Washington,OH,US
0139169,Wayne,OH,US
0139171,Williams,OH,US
0139173,Wood,OH,US
0139175,Wyandot,OH,US
0140001,Adair,OK,US
0140003,Alfalfa,OK,US
0140005,Atoka,OK,US
0140007,Beaver,OK,US
0140009,Beckham,OK,US
0140011,Blaine,OK,US
0140013,Bryan,OK,US
0140015,Caddo,OK,US
0140017,Canadian,OK,US
0140019,Carter,OK,US
0140021,Cherokee,OK,US
0140023,Choctaw,OK,US
0140025,Cimarron,OK,US
0140027,Cleveland,OK,US
0140029,Coal,OK,US
0140031,Comanche,OK,US
0140033,Cotton,OK,US
0140035,Craig,OK,US
0140037,Creek,OK,US
0140039,Custer,OK,US
0140041,Delaware,OK,US
0140043,Dewey,OK,US
0140045,Ellis,OK,US
0140047,Garfield,OK,US
0140049,Garvin,OK,US
0140051,Grady,OK,US
0140053,Grant,OK,US
0140055,Greer,OK,US
0140057,Harmon,OK,US
0140059,Harper,OK,US
0140061,Haskell,OK,US
0140063,Hughes,OK,US
0140065,Jackson,OK,US
0140067,Jefferson,OK,US
0140069,Johnston,OK,US
0140071,Kay,OK,US
0140073,Kingfisher,OK,US
0140075,Kiowa,OK,US
0140077,Latimer,OK,US
0140079,Le Flore,OK,US
0140081,Lincoln,OK,US
0140083,Logan,OK,US
0140085,Love,OK,US
0140087,McClain,OK,US
0140089,McCurtain,OK,US
0140091,McIntosh,OK,US
0140093,Major,OK,US
0140095,Marshall,OK,US
0140097,Mayes,OK,US
0140099,Murray,OK,US
0140101,Muskogee,OK,US
0140103,Noble,OK,US
0140105,Nowata,OK,US
0140107,Okfuskee,OK,US
0140109,Oklahoma,OK,US
0140111,Okmulgee,OK,US
0140113,Osage,OK,US
0140115,Ottawa,OK,US
0140117,Pawnee,OK,US
0140119,Payne,OK,US
0140121,Pittsburg,OK,US
0140123,Pontotoc,OK,US
0140125,Pottawatomie,OK,US
0140127,Pushmataha,OK,US
0140129,Roger Mills,OK,US
0140131,Rogers,OK,US
0140133,Seminole,OK,US
0140135,Sequoyah,OK,US
0140137,Stephens,OK,US
0140139,Texas,OK,US
0140141,Tillman,OK,US
0140143,Tulsa,OK,US
0140145,Wagoner,OK,US
0140147,Washington,OK,US
0140149,Washita,OK,US
0140151,Woods,OK,US
0140153,Woodward,OK,US
0141001,Baker,OR,US
0141003,Benton,OR,US
0141005,Clackamas,OR,US
0141007,Clatsop,OR,US
0141009,Columbia,OR,US
0141011,Coos,OR,US
0141013,Crook,OR,US
0141015,Curry,OR,US
0141017,Deschutes,OR,US
0141019,Douglas,OR,US
0141021,Gilliam,OR,US
0141023,Grant,OR,US
0141025,Harney,OR,US
0141027,Hood River,OR,US
0141029,Jackson,OR,US
0141031,Jefferson,OR,US
0141033,Josephine,OR,US
0141035,Klamath,OR,US
0141037,Lake,OR,US
0141039,Lane,OR,US
0141041,Lincoln,OR,US
0141043,Linn,OR,US
0141045,Malheur,OR,US
0141047,Marion,OR,US
0141049,Morrow,OR,US
0141051,Multnomah,OR,US
0141053,Polk,OR,US
0141055,Sherman,OR,US
0141057,Tillamook,OR,US
0141059,Umatilla,OR,US
0141061,Union,OR,US
0141063,Wallowa,OR,US
0141065,Wasco,OR,US
0141067,Washington,OR,US
0141069,Wheeler,OR,US
0141071,Yamhill,OR,US
0142001,Adams,PA,US
0142003,Allegheny,PA,US
0142005,Armstrong,PA,US
0142007,Beaver,PA,US
0142009,Bedford,PA,US
0142011,Berks,PA,US
0142013,Blair,PA,US
0142015,Bradford,PA,US
0142017,Bucks,PA,US
0142019,Butler,PA,US
0142021,Cambria,PA,US
0142023,Cameron,PA,US
0142025,Carbon,PA,US
0142027,Centre,PA,US
0142029,Chester,PA,US
0142031,Clarion,PA,US
0142033,Clearfield,PA,US
0142035,Clinton,PA,US
0142037,Columbia,PA,US
0142039,Crawford,PA,US
0142041,Cumberland,PA,US
0142043,Dauphin,PA,US
0142045,Delaware,PA,US
0142047,Elk,PA,US
0142049,Erie,PA,US
0142051,Fayette,PA,US
0142053,Forest,PA,US
0142055,Franklin,PA,US
0142057,Fulton,PA,US
0142059,Greene,PA,US
0142061,Huntingdon,PA,US
0142063,Indiana,PA,US
0142065,Jefferson,PA,US
0142067,Juniata,PA,US
0142069,Lackawanna,PA,US
0142071,Lancaster,PA,US
0142073,Lawrence,PA,US
0142075,Lebanon,PA,US
0142077,Lehigh,PA,US
0142079,Luzerne,PA,US
0142081,Lycoming,PA,US
0142083,McKean,PA,US
0142085,Mercer,PA,US
0142087,Mifflin,PA,US
0142089,Monroe,PA,US
0142091,Montgomery,PA,US
0142093,Montour,PA,US
0142095,Northampton,PA,US
0142097,Northumberland,PA,US
0142099,Perry,PA,US
0142101,Philadelphia,PA,US
0142103,Pike,PA,US
0142105,Potter,PA,US
0142107,Schuylkill,PA,US
0142109,Snyder,PA,US
0142111,Somerset,PA,US
0142113,Sullivan,PA,US
0142115,Susquehanna,PA,US
0142117,Tioga,PA,US
0142119,Union,PA,US
0142121,Venango,PA,US
0142123,Warren,PA,US
0142125,Washington,PA,US
0142127,Wayne,PA,US
0142129,Westmoreland,PA,US
0142131,Wyoming,PA,US
0142133,York,PA,US
0144001,Bristol,RI,US
0144003,Kent,RI,US
0144005,Newport,RI,US
0144007,Providence,RI,US
0144009,Washington,RI,US
0145001,Abbeville,SC,US
0145003,Aiken,SC,US
0145005,Allendale,SC,US
0145007,Anderson,SC,US
0145009,Bamberg,SC,US
0145011,Barnwell,SC,US
0145013,Beaufort,SC,US
0145015,Berkeley,SC,US
0145017,Calhoun,SC,US
0145019,Charleston,SC,US
0145021,Cherokee,SC,US
0145023,Chester,SC,US
0145025,Chesterfield,SC,US
0145027,Clarendon,SC,US
0145029,Colleton,SC,US
0145031,Darlington,SC,US
0145033,Dillon,SC,US
0145035,Dorchester,SC,US
0145037,Edgefield,SC,US
0145039,Fairfield,SC,US
0145041,Florence,SC,US
0145043,Georgetown,SC,US
0145045,Greenville,SC,US
0145047,Greenwood,SC,US
0145049,Hampton,SC,US
0145051,Horry,SC,US
0145053,Jasper,SC,US
0145055,Kershaw,SC,US
0145057,Lancaster,SC,US
0145059,Laurens,SC,US
0145061,Lee,SC,US
0145063,Lexington,SC,US
0145065,McCormick,SC,US
0145067,Marion,SC,US
0145069,Marlboro,SC,US
0145071,Newberry,SC,US
0145073,Oconee,SC,US
0145075,Orangeburg,SC,US
0145077,Pickens,SC,US
0145079,Richland,SC,US
0145081,Saluda,SC,US
0145083,Spartanburg,SC,US
0145085,Sumter,SC,US
0145087,Union,SC,US
0145089,Williamsburg,SC,US
0145091,York,SC,US
0146003,Aurora,SD,US
0146005,Beadle,SD,US
0146007,Bennett,SD,US
0146009,Bon Homme,SD,US
0146011,Brookings,SD,US
0146013,Brown,SD,US
0146015,Brule,SD,US
0146017,Buffalo,SD,US
0146019,Butte,SD,US
0146021,Campbell,SD,US
0146023,Charles Mix,SD,US
0146025,Clark,SD,US
0146027,Clay,SD,US
0146029,Codington,SD,US
0146031,Corson,SD,US
0146033,Custer,SD,US
0146035,Davison,SD,US
0146037,Day,SD,US
0146039,Deuel,SD,US
0146041,Dewey,SD,US
0146043,Douglas,SD,US
0146045,Edmunds,SD,US
0146047,Fall River,SD,US
0146049,Faulk,SD,US
0146051,Grant,SD,US
0146053,Gregory,SD,US
0146055,Haakon,SD,US
0146057,Hamlin,SD,US
0146059,Hand,SD,US
0146061,Hanson,SD,US
0146063,Harding,SD,US
0146065,Hughes,SD,US
0146067,Hutchinson,SD,US
0146069,Hyde,SD,US
0146071,Jackson,SD,US
0146073,Jerauld,SD,US
0146075,Jones,SD,US
0146077,Kingsbury,SD,US
0146079,Lake,SD,US
0146081,Lawrence,SD,US
0146083,Lincoln,SD,US
0146085,Lyman,SD,US
0146087,McCook,SD,US
0146089,McPherson,SD,US
0146091,Marshall,SD,US
0146093,Meade,SD,US
0146095,Mellette,SD,US
0146097,Miner,SD,US
0146099,Minnehaha,SD,US
0146101,Moody,SD,US
0146103,Pennington,SD,US
0146105,Perkins,SD,US
0146107,Potter,SD,US
0146109,Roberts,SD,US
0146111,Sanborn,SD,US
0146113,Shannon,SD,US
0146115,Spink,SD,US
0146117,Stanley,SD,US
0146119,Sully,SD,US
0146121,Todd,SD,US
0146123,Tripp,SD,US
0146125,Turner,SD,US
0146127,Union,SD,US
0146129,Walworth,SD,US
0146135,Yankton,SD,US
0146137,Ziebach,SD,US
0147001,Anderson,TN,US
0147003,Bedford,TN,US
0147005,Benton,TN,US
0147007,Bledsoe,TN,US
0147009,Blount,TN,US
0147011,Bradley,TN,US
0147013,Campbell,TN,US
0147015,Cannon,TN,US
0147017,Carroll,TN,US
0147019,Carter,TN,US
0147021,Cheatham,TN,US
0147023,Chester,TN,US
0147025,Claiborne,TN,US
0147027,Clay,TN,US
0147029,Cocke,TN,US
0147031,Coffee,TN,US
0147033,Crockett,TN,US
0147035,Cumberland,TN,US
0147037,Davidson,TN,US
0147039,Decatur,TN,US
0147041,De Kalb,TN,US
0147043,Dickson,TN,US
0147045,Dyer,TN,US
0147047,Fayette,TN,US
0147049,Fentress,TN,US
0147051,Franklin,TN,US
0147053,Gibson,TN,US
0147055,Giles,TN,US
0147057,Grainger,TN,US
0147059,Greene,TN,US
0147061,Grundy,TN,US
0147063,Hamblen,TN,US
0147065,Hamilton,TN,US
0147067,Hancock,TN,US
0147069,Hardeman,TN,US
0147071,Hardin,TN,US
0147073,Hawkins,TN,US
0147075,Haywood,TN,US
0147077,Henderson,TN,US
0147079,Henry,TN,US
0147081,Hickman,TN,US
0147083,Houston,TN,US
0147085,Humphreys,TN,US
0147087,Jackson,TN,US
0147089,Jefferson,TN,US
0147091,Johnson,TN,US
0147093,Knox,TN,US
0147095,Lake,TN,US
0147097,Lauderdale,TN,US
0147099,Lawrence,TN,US
0147101,Lewis,TN,US
0147103,Lincoln,TN,US
0147105,Loudon,TN,US
0147107,McMinn,TN,US
0147109,McNairy,TN,US
0147111,Macon,TN,US
0147113,Madison,TN,US
0147115,Marion,TN,US
0147117,Marshall,TN,US
0147119,Maury,TN,US
0147121,Meigs,TN,US
0147123,Monroe,TN,US
0147125,Montgomery,TN,US
0147127,Moore,TN,US
0147129,Morgan,TN,US
0147131,Obion,TN,US
0147133,Overton,TN,US
0147135,Perry,TN,US
0147137,Pickett,TN,US
0147139,Polk,TN,US
0147141,Putnam,TN,US
0147143,Rhea,TN,US
0147145,Roane,TN,US
0147147,Robertson,TN,US
0147149,Rutherford,TN,US
0147151,Scott,TN,US
0147153,Sequatchie,TN,US
0147155,Sevier,TN,US
0147157,Shelby,TN,US
0147159,Smith,TN,US
0147161,Stewart,TN,US
0147163,Sullivan,TN,US
0147165,Sumner,TN,US
0147167,Tipton,TN,US
0147169,Trousdale,TN,US
0147171,Unicoi,TN,US
0147173,Union,TN,US
0147175,Van Buren,TN,US
0147177,Warren,TN,US
0147179,Washington,TN,US
0147181,Wayne,TN,US
0147183,Weakley,TN,US
0147185,White,TN,US
0147187,Williamson,TN,US
0147189,Wilson,TN,US
0148001,Anderson,TX,US
0148003,Andrews,TX,US
0148005,Angelina,TX,US
0148007,Aransas,TX,US
0148009,Archer,TX,US
0148011,Armstrong,TX,US
0148013,Atascosa,TX,US
0148015,Austin,TX,US
0148017,Bailey,TX,US
0148019,Bandera,TX,US
0148021,Bastrop,TX,US
0148023,Baylor,TX,US
0148025,Bee,TX,US
0148027,Bell,TX,US
0148029,Bexar,TX,US
0148031,Blanco,TX,US
0148033,Borden,TX,US
0148035,Bosque,TX,US
0148037,Bowie,TX,US
0148039,Brazoria,TX,US
0148041,Brazos,TX,US
0148043,Brewster,TX,US
0148045,Briscoe,TX,US
0148047,Brooks,TX,US
0148049,Brown,TX,US
0148051,Burleson,TX,US
0148053,Burnet,TX,US
0148055,Caldwell,TX,US
0148057,Calhoun,TX,US
0148059,Callahan,TX,US
0148061,Cameron,TX,US
0148063,Camp,TX,US
0148065,Carson,TX,US
0148067,Cass,TX,US
0148069,Castro,TX,US
0148071,Chambers,TX,US
0148073,Cherokee,TX,US
0148075,Childress,TX,US
0148077,Clay,TX,US
0148079,Cochran,TX,US
0148081,Coke,TX,US
0148083,Coleman,TX,US
0148085,Collin,TX,US
0148087,Collingsworth,TX,US
0148089,Colorado,TX,US
0148091,Comal,TX,US
0148093,Comanche,TX,US
0148095,Concho,TX,US
0148097,Cooke,TX,US
0148099,Coryell,TX,US
0148101,Cottle,TX,US
0148103,Crane,TX,US
0148105,Crockett,TX,US
0148107,Crosby,TX,US
0148109,Culberson,TX,US
0148111,Dallam,TX,US
0148113,Dallas,TX,US
0148115,Dawson,TX,US
0148117,Deaf Smith,TX,US
0148119,Delta,TX,US
0148121,Denton,TX,US
0148123,De Witt,TX,US
0148125,Dickens,TX,US
0148127,Dimmit,TX,US
0148129,Donley,TX,US
0148131,Duval,TX,US
0148133,Eastland,TX,US
0148135,Ector,TX,US
0148137,Edwards,TX,US
0148139,Ellis,TX,US
0148141,El Paso,TX,US
0148143,Erath,TX,US
0148145,Falls,TX,US
0148147,Fannin,TX,US
0148149,Fayette,TX,US
0148151,Fisher,TX,US
0148153,Floyd,TX,US
0148155,Foard,TX,US
0148157,Fort Bend,TX,US
0148159,Franklin,TX,US
0148161,Freestone,TX,US
0148163,Frio,TX,US
0148165,Gaines,TX,US
0148167,Galveston,TX,US
0148169,Garza,TX,US
0148171,Gillespie,TX,US
0148173,Glasscock,TX,US
0148175,Goliad,TX,US
0148177,Gonzales,TX,US
0148179,Gray,TX,US
0148181,Grayson,TX,US
0148183,Gregg,TX,US
0148185,Grimes,TX,US
0148187,Guadalupe,TX,US
0148189,Hale,TX,US
0148191,Hall,TX,US
0148193,Hamilton,TX,US
0148195,Hansford,TX,US
0148197,Hardeman,TX,US
0148199,Hardin,TX,US
0148201,Harris,TX,US
0148203,Harrison,TX,US
0148205,Hartley,TX,US
0148207,Haskell,TX,US
0148209,Hays,TX,US
0148211,Hemphill,TX,US
0148213,Henderson,TX,US
0148215,Hidalgo,TX,US
0148217,Hill,TX,US
0148219,Hockley,TX,US
0148221,Hood,TX,US
0148223,Hopkins,TX,US
0148225,Houston,TX,US
0148227,Howard,TX,US
0148229,Hudspeth,TX,US
0148231,Hunt,TX,US
0148233,Hutchinson,TX,US
0148235,Irion,TX,US
0148237,Jack,TX,US
0148239,Jackson,TX,US
0148241,Jasper,TX,US
0148243,Jeff Davis,TX,US
0148245,Jefferson,TX,US
0148247,Jim Hogg,TX,US
0148249,Jim Wells,TX,US
0148251,Johnson,TX,US
0148253,Jones,TX,US
0148255,Karnes,TX,US
0148257,Kaufman,TX,US
0148259,Kendall,TX,US
0148261,Kenedy,TX,US
0148263,Kent,TX,US
0148265,Kerr,TX,US
0148267,Kimble,TX,US
0148269,King,TX,US
0148271,Kinney,TX,US
0148273,Kleberg,TX,US
0148275,Knox,TX,US
0148277,Lamar,TX,US
0148279,Lamb,TX,US
0148281,Lampasas,TX,US
0148283,La Salle,TX,US
0148285,Lavaca,TX,US
0148287,Lee,TX,US
0148289,Leon,TX,US
0148291,Liberty,TX,US
0148293,Limestone,TX,US
0148295,Lipscomb,TX,US
0148297,Live Oak,TX,US
0148299,Llano,TX,US
0148301,Loving,TX,US
0148303,Lubbock,TX,US
0148305,Lynn,TX,US
0148307,McCulloch,TX,US
0148309,McLennan,TX,US
0148311,McMullen,TX,US
0148313,Madison,TX,US
0148315,Marion,TX,US
0148317,Martin,TX,US
0148319,Mason,TX,US
0148321,Matagorda,TX,US
0148323,Maverick,TX,US
0148325,Medina,TX,US
0148327,Menard,TX,US
0148329,Midland,TX,US
0148331,Milam,TX,US
0148333,Mills,TX,US
0148335,Mitchell,TX,US
0148337,Montague,TX,US
0148339,Montgomery,TX,US
0148341,Moore,TX,US
0148343,Morris,TX,US
0148345,Motley,TX,US
0148347,Nacogdoches,TX,US
0148349,Navarro,TX,US
0148351,Newton,TX,US
0148353,Nolan,TX,US
0148355,Nueces,TX,US
0148357,Ochiltree,TX,US
0148359,Oldham,TX,US
0148361,Orange,TX,US
0148363,Palo Pinto,TX,US
0148365,Panola,TX,US
0148367,Parker,TX,US
0148369,Parmer,TX,US
0148371,Pecos,TX,US
0148373,Polk,TX,US
0148375,Potter,TX,US
0148377,Presidio,TX,US
0148379,Rains,TX,US
0148381,Randall,TX,US
0148383,Reagan,TX,US
0148385,Real,TX,US
0148387,Red River,TX,US
0148389,Reeves,TX,US
0148391,Refugio,TX,US
0148393,Roberts,TX,US
0148395,Robertson,TX,US
0148397,Rockwall,TX,US
0148399,Runnels,TX,US
0148401,Rusk,TX,US
0148403,Sabine,TX,US
0148405,San Augustine,TX,US
0148407,San Jacinto,TX,US
0148409,San Patricio,TX,US
0148411,San Saba,TX,US
0148413,Schleicher,TX,US
0148415,Scurry,TX,US
0148417,Shackelford,TX,US
0148419,Shelby,TX,US
0148421,Sherman,TX,US
0148423,Smith,TX,US
0148425,Somervell,TX,US
0148427,Starr,TX,US
0148429,Stephens,TX,US
0148431,Sterling,TX,US
0148433,Stonewall,TX,US
0148435,Sutton,TX,US
0148437,Swisher,TX,US
0148439,Tarrant,TX,US
0148441,Taylor,TX,US
0148443,Terrell,TX,US
0148445,Terry,TX,US
0148447,Throckmorton,TX,US
0148449,Titus,TX,US
0148451,Tom Green,TX,US
0148453,Travis,TX,US
0148455,Trinity,TX,US
0148457,Tyler,TX,US
0148459,Upshur,TX,US
0148461,Upton,TX,US
0148463,Uvalde,TX,US
0148465,Val Verde,TX,US
0148467,Van Zandt,TX,US
0148469,Victoria,TX,US
0148471,Walker,TX,US
0148473,Waller,TX,US
0148475,Ward,TX,US
0148477,Washington,TX,US
0148479,Webb,TX,US
0148481,Wharton,TX,US
0148483,Wheeler,TX,US
0148485,Wichita,TX,US
0148487,Wilbarger,TX,US
0148489,Willacy,TX,US
0148491,Williamson,TX,US
0148493,Wilson,TX,US
0148495,Winkler,TX,US
0148497,Wise,TX,US
0148499,Wood,TX,US
0148501,Yoakum,TX,US
0148503,Young,TX,US
0148505,Zapata,TX,US
0148507,Zavala,TX,US
0149001,Beaver,UT,US
0149003,Box Elder,UT,US
0149005,Cache,UT,US
0149007,Carbon,UT,US
0149009,Daggett,UT,US
0149011,Davis,UT,US
0149013,Duchesne,UT,US
0149015,Emery,UT,US
0149017,Garfield,UT,US
0149019,Grand,UT,US
0149021,Iron,UT,US
0149023,Juab,UT,US
0149025,Kane,UT,US
0149027,Millard,UT,US
0149029,Morgan,UT,US
0149031,Piute,UT,US
0149033,Rich,UT,US
0149035,Salt Lake,UT,US
0149037,San Juan,UT,US
0149039,Sanpete,UT,US
0149041,Sevier,UT,US
0149043,Summit,UT,US
0149045,Tooele,UT,US
0149047,Uintah,UT,US
0149049,Utah,UT,US
0149051,Wasatch,UT,US
0149053,Washington,UT,US
0149055,Wayne,UT,US
0149057,Weber,UT,US
0150001,Addison,VT,US
0150003,Bennington,VT,US
0150005,Caledonia,VT,US
0150007,Chittenden,VT,US
0150009,Essex,VT,US
0150011,Franklin,VT,US
0150013,Grand Isle,VT,US
0150015,Lamoille,VT,US
0150017,Orange,VT,US
0150019,Orleans,VT,US
0150021,Rutland,VT,US
0150023,Washington,VT,US
0150025,Windham,VT,US
0150027,Windsor,VT,US
0151001,Accomack,VA,US
0151003,Albemarle,VA,US
0151005,Alleghany,VA,US
0151007,Amelia,VA,US
0151009,Amherst,VA,US
0151011,Appomattox,VA,US
0151013,Arlington,VA,US
0151015,Augusta,VA,US
0151017,Bath,VA,US
0151019,Bedford,VA,US
0151021,Bland,VA,US
0151023,Botetourt,VA,US
0151025,Brunswick,VA,US
0151027,Buchanan,VA,US
0151029,Buckingham,VA,US
0151031,Campbell,VA,US
0151033,Caroline,VA,US
0151035,Carroll,VA,US
0151036,Charles City,VA,US
0151037,Charlotte,VA,US
0151041,Chesterfield,VA,US
0151043,Clarke,VA,US
0151045,Craig,VA,US
0151047,Culpeper,VA,US
0151049,Cumberland,VA,US
0151051,Dickenson,VA,US
0151053,Dinwiddie,VA,US
0151057,Essex,VA,US
0151059,Fairfax,VA,US
0151061,Fauquier,VA,US
0151063,Floyd,VA,US
0151065,Fluvanna,VA,US
0151067,Franklin,VA,US
0151069,Frederick,VA,US
0151071,Giles,VA,US
0151073,Gloucester,VA,US
0151075,Goochland,VA,US
0151077,Grayson,VA,US
0151079,Greene,VA,US
0151081,Greensville,VA,US
0151083,Halifax,VA,US
0151085,Hanover,VA,US
0151087,Henrico,VA,US
0151089,Henry,VA,US
0151091,Highland,VA,US
0151093,Isle of Wight,VA,US
0151095,James City,VA,US
0151097,King and Queen,VA,US
0151099,King George,VA,US
0151101,King William,VA,US
0151103,Lancaster,VA,US
0151105,Lee,VA,US
0151107,Loudoun,VA,US
0151109,Louisa,VA,US
0151111,Lunenburg,VA,US
0151113,Madison,VA,US
0151115,Mathews,VA,US
0151117,Mecklenburg,VA,US
0151119,Middlesex,VA,US
0151121,Montgomery,VA,US
0151125,Nelson,VA,US
0151127,New Kent,VA,US
0151131,Northampton,VA,US
0151133,Northumberland,VA,US
0151135,Nottoway,VA,US
0151137,Orange,VA,US
0151139,Page,VA,US
0151141,Patrick,VA,US
0151143,Pittsylvania,VA,US
0151145,Powhatan,VA,US
0151147,Prince Edward,VA,US
0151149,Prince George,VA,US
0151153,Prince William,VA,US
0151155,Pulaski,VA,US
0151157,Rappahannock,VA,US
0151159,Richmond,VA,US
0151161,Roanoke,VA,US
0151163,Rockbridge,VA,US
0151165,Rockingham,VA,US
0151167,Russell,VA,US
0151169,Scott,VA,US
0151171,Shenandoah,VA,US
0151173,Smyth,VA,US
0151175,Southampton,VA,US
0151177,Spotsylvania,VA,US
0151179,Stafford,VA,US
0151181,Surry,VA,US
0151183,Sussex,VA,US
0151185,Tazewell,VA,US
0151187,Warren,VA,US
0151191,Washington,VA,US
0151193,Westmoreland,VA,US
0151195,Wise,VA,US
0151197,Wythe,VA,US
0151199,York,VA,US
0151510,Alexandria City,VA,US
0151515,Bedford City,VA,US
0151520,Bristol City,VA,US
0151530,Buena Vista City,VA,US
0151540,Charlottesville City,VA,US
0151550,Chesapeake City,VA,US
0151560,Clifton Forge City,VA,US
0151570,Colonial Heights Cit,VA,US
0151580,Covington City,VA,US
0151590,Danville City,VA,US
0151595,Emporia City,VA,US
0151600,Fairfax City,VA,US
0151610,Falls Church City,VA,US
0151620,Franklin City,VA,US
0151630,Fredericksburg City,VA,US
0151640,Galax City,VA,US
0151650,Hampton City,VA,US
0151660,Harrisonburg City,VA,US
0151670,Hopewell City,VA,US
0151678,Lexington City,VA,US
0151680,Lynchburg City,VA,US
0151683,Manassas City,VA,US
0151685,Manassas Park City,VA,US
0151690,Martinsville City,VA,US
0151700,Newport News City,VA,US
0151710,Norfolk City,VA,US
0151720,Norton City,VA,US
0151730,Petersburg City,VA,US
0151735,Poquoson City,VA,US
0151740,Portsmouth City,VA,US
0151750,Radford City,VA,US
0151760,Richmond City,VA,US
0151770,Roanoke City,VA,US
0151775,Salem City,VA,US
0151780,South Boston City,VA,US
0151790,Staunton City,VA,US
0151800,Suffolk City,VA,US
0151810,Virginia Beach City,VA,US
0151820,Waynesboro City,VA,US
0151830,Williamsburg City,VA,US
0151840,Winchester City,VA,US
0153001,Adams,WA,US
0153003,Asotin,WA,US
0153005,Benton,WA,US
0153007,Chelan,WA,US
0153009,Clallam,WA,US
0153011,Clark,WA,US
0153013,Columbia,WA,US
0153015,Cowlitz,WA,US
0153017,Douglas,WA,US
0153019,Ferry,WA,US
0153021,Franklin,WA,US
0153023,Garfield,WA,US
0153025,Grant,WA,US
0153027,Grays Harbor,WA,US
0153029,Island,WA,US
0153031,Jefferson,WA,US
0153033,King,WA,US
0153035,Kitsap,WA,US
0153037,Kittitas,WA,US
0153039,Klickitat,WA,US
0153041,Lewis,WA,US
0153043,Lincoln,WA,US
0153045,Mason,WA,US
0153047,Okanogan,WA,US
0153049,Pacific,WA,US
0153051,Pend Oreille,WA,US
0153053,Pierce,WA,US
0153055,San Juan,WA,US
0153057,Skagit,WA,US
0153059,Skamania,WA,US
0153061,Snohomish,WA,US
0153063,Spokane,WA,US
0153065,Stevens,WA,US
0153067,Thurston,WA,US
0153069,Wahkiakum,WA,US
0153071,Walla Walla,WA,US
0153073,Whatcom,WA,US
0153075,Whitman,WA,US
0153077,Yakima,WA,US
0154001,Barbour,WV,US
0154003,Berkeley,WV,US
0154005,Boone,WV,US
0154007,Braxton,WV,US
0154009,Brooke,WV,US
0154011,Cabell,WV,US
0154013,Calhoun,WV,US
0154015,Clay,WV,US
0154017,Doddridge,WV,US
0154019,Fayette,WV,US
0154021,Gilmer,WV,US
0154023,Grant,WV,US
0154025,Greenbrier,WV,US
0154027,Hampshire,WV,US
0154029,Hancock,WV,US
0154031,Hardy,WV,US
0154033,Harrison,WV,US
0154035,Jackson,WV,US
0154037,Jefferson,WV,US
0154039,Kanawha,WV,US
0154041,Lewis,WV,US
0154043,Lincoln,WV,US
0154045,Logan,WV,US
0154047,McDowell,WV,US
0154049,Marion,WV,US
0154051,Marshall,WV,US
0154053,Mason,WV,US
0154055,Mercer,WV,US
0154057,Mineral,WV,US
0154059,Mingo,WV,US
0154061,Monongalia,WV,US
0154063,Monroe,WV,US
0154065,Morgan,WV,US
0154067,Nicholas,WV,US
0154069,Ohio,WV,US
0154071,Pendleton,WV,US
0154073,Pleasants,WV,US
0154075,Pocahontas,WV,US
0154077,Preston,WV,US
0154079,Putnam,WV,US
0154081,Raleigh,WV,US
0154083,Randolph,WV,US
0154085,Ritchie,WV,US
0154087,Roane,WV,US
0154089,Summers,WV,US
0154091,Taylor,WV,US
0154093,Tucker,WV,US
0154095,Tyler,WV,US
0154097,Upshur,WV,US
0154099,Wayne,WV,US
0154101,Webster,WV,US
0154103,Wetzel,WV,US
0154105,Wirt,WV,US
0154107,Wood,WV,US
0154109,Wyoming,WV,US
0155001,Adams,WI,US
0155003,Ashland,WI,US
0155005,Barron,WI,US
0155007,Bayfield,WI,US
0155009,Brown,WI,US
0155011,Buffalo,WI,US
0155013,Burnett,WI,US
0155015,Calumet,WI,US
0155017,Chippewa,WI,US
0155019,Clark,WI,US
0155021,Columbia,WI,US
0155023,Crawford,WI,US
0155025,Dane,WI,US
0155027,Dodge,WI,US
0155029,Door,WI,US
0155031,Douglas,WI,US
0155033,Dunn,WI,US
0155035,Eau Claire,WI,US
0155037,Florence,WI,US
0155039,Fond du Lac,WI,US
0155041,Forest,WI,US
0155043,Grant,WI,US
0155045,Green,WI,US
0155047,Green Lake,WI,US
0155049,Iowa,WI,US
0155051,Iron,WI,US
0155053,Jackson,WI,US
0155055,Jefferson,WI,US
0155057,Juneau,WI,US
0155059,Kenosha,WI,US
0155061,Kewaunee,WI,US
0155063,La Crosse,WI,US
0155065,Lafayette,WI,US
0155067,Langlade,WI,US
0155069,Lincoln,WI,US
0155071,Manitowoc,WI,US
0155073,Marathon,WI,US
0155075,Marinette,WI,US
0155077,Marquette,WI,US
0155078,Menominee,WI,US
0155079,Milwaukee,WI,US
0155081,Monroe,WI,US
0155083,Oconto,WI,US
0155085,Oneida,WI,US
0155087,Outagamie,WI,US
0155089,Ozaukee,WI,US
0155091,Pepin,WI,US
0155093,Pierce,WI,US
0155095,Polk,WI,US
0155097,Portage,WI,US
0155099,Price,WI,US
0155101,Racine,WI,US
0155103,Richland,WI,US
0155105,Rock,WI,US
0155107,Rusk,WI,US
0155109,St Croix,WI,US
0155111,Sauk,WI,US
0155113,Sawyer,WI,US
0155115,Shawano,WI,US
0155117,Sheboygan,WI,US
0155119,Taylor,WI,US
0155121,Trempealeau,WI,US
0155123,Vernon,WI,US
0155125,Vilas,WI,US
0155127,Walworth,WI,US
0155129,Washburn,WI,US
0155131,Washington,WI,US
0155133,Waukesha,WI,US
0155135,Waupaca,WI,US
0155137,Waushara,WI,US
0155139,Winnebago,WI,US
0155141,Wood,WI,US
0156001,Albany,WY,US
0156003,Big Horn,WY,US
0156005,Campbell,WY,US
0156007,Carbon,WY,US
0156009,Converse,WY,US
0156011,Crook,WY,US
0156013,Fremont,WY,US
0156015,Goshen,WY,US
0156017,Hot Springs,WY,US
0156019,Johnson,WY,US
0156021,Laramie,WY,US
0156023,Lincoln,WY,US
0156025,Natrona,WY,US
0156027,Niobrara,WY,US
0156029,Park,WY,US
0156031,Platte,WY,US
0156033,Sheridan,WY,US
0156035,Sublette,WY,US
0156037,Sweetwater,WY,US
0156039,Teton,WY,US
0156041,Uinta,WY,US
0156043,Washakie,WY,US
0156045,Weston,WY,US
0160010,Unknown,AS,US
0160020,Manua,AS,US
0160020,Ofu,AS,US
0160020,Olosega,AS,US
0160050,Tutuila,AS,US
0166010,Cocos Island,MP,US
0166010,Guam,GU,US
0169100,Rota,MP,US
0169110,Saipan,MP,US
0169120,Aguijan,MP,US
0169120,Tinian,MP,US
0172001,Adjuntas,PR,US
0172003,Aguada,PR,US
0172005,Aguadilla,PR,US
0172007,Aguas Buenas,PR,US
0172009,Aibonito,PR,US
0172011,Anasco,PR,US
0172013,Arecibo,PR,US
0172015,Arroyo,PR,US
0172017,Barceloneta,PR,US
0172019,Barranquitas,PR,US
0172021,Bayamon,PR,US
0172023,Cabo Rojo,PR,US
0172025,Caguas,PR,US
0172027,Camuy,PR,US
0172029,Canovanas,PR,US
0172031,Carolina,PR,US
0172033,Catano,PR,US
0172035,Cayey,PR,US
0172037,Ceiba,PR,US
0172041,Cidra,PR,US
0172043,Coamo,PR,US
0172045,Comerio,PR,US
0172047,Corozal,PR,US
0172049,Culebra,PR,US
0172051,Dorado,PR,US
0172053,Fajardo,PR,US
0172054,Florida,PR,US
0172055,Guanica,PR,US
0172057,Guayama,PR,US
0172059,Guayanilla,PR,US
0172061,Guaynabo,PR,US
0172063,Gurabo,PR,US
0172065,Hatillo,PR,US
0172067,Hormigueros,PR,US
0172071,Isabela,PR,US
0172073,Jayuya,PR,US
0172075,Juana Diaz,PR,US
0172077,Juncos,PR,US
0172079,Lajas,PR,US
0172081,Lares,PR,US
0172083,Las Marias,PR,US
0172085,Las Piedras,PR,US
0172087,Loiza,PR,US
0172089,Luquillo,PR,US
0172091,Manati,PR,US
0172093,Maricao,PR,US
0172095,Maunabo,PR,US
0172097,Mayaguez,PR,US
0172099,Moca,PR,US
0172101,Morovis,PR,US
0172103,Nabuabo,PR,US
0172105,Naranjito,PR,US
0172107,Orocovis,PR,US
0172109,Patillas,PR,US
0172111,Penuelas,PR,US
0172113,Ponce,PR,US
0172115,Quebradillas,PR,US
0172117,Rincon,PR,US
0172119,Rio Grande,PR,US
0172121,Sabana Grande,PR,US
0172123,Salinas,PR,US
0172125,San German,PR,US
0172127,San Juan,PR,US
0172129,San Lorenzo,PR,US
0172131,San Sabastian,PR,US
0172133,Santa Isabel,PR,US
0172135,Toa Alta,PR,US
0172137,Toa Baja,PR,US
0172139,Trujillo Alto,PR,US
0172141,Utuado,PR,US
0172143,Vega Alta,PR,US
0172145,Vega Baja,PR,US
0172147,Vieques,PR,US
0172149,Villalba,PR,US
0172151,Yabucoa,PR,US
0172153,Yauco,PR,US
0178010,St. Croix,VI,US
0178020,St. John,VI,US
0178030,St. Thomas,VI,US
